crop,crop_type,flooded,planting_amortised_over_lifetime,source
almond,perennial,no,yes,Legacy code lucmodel.py _CROP_TO_CROP_TYPE
apple,perennial,no,yes,Legacy code lucmodel.py _CROP_TO_CROP_TYPE
apricot,perennial,no,yes,Legacy code lucmodel.py _CROP_TO_CROP_TYPE
asparagus_green,annual,no,yes,Legacy code lucmodel.py _CROP_TO_CROP_TYPE
asparagus_white,annual,no,yes,Legacy code lucmodel.py _CROP_TO_CROP_TYPE
banana,perennial,no,yes,Legacy code lucmodel.py _CROP_TO_CROP_TYPE
bellpepper,annual,no,no,Legacy code lucmodel.py _CROP_TO_CROP_TYPE
blueberry,perennial,no,yes,Legacy code lucmodel.py _CROP_TO_CROP_TYPE
cabbage_red,annual,no,no,Legacy code lucmodel.py _CROP_TO_CROP_TYPE
cabbage_white,annual,no,no,Legacy code lucmodel.py _CROP_TO_CROP_TYPE
carrot,annual,no,no,Legacy code lucmodel.py _CROP_TO_CROP_TYPE
cashew,perennial,no,yes,Legacy code lucmodel.py _CROP_TO_CROP_TYPE
cassava,annual,no,no,Legacy code lucmodel.py _CROP_TO_CROP_TYPE
castor_beans,annual,no,no,Legacy code lucmodel.py _CROP_TO_CROP_TYPE
chick_pea,annual,no,no,Legacy code lucmodel.py _CROP_TO_CROP_TYPE
chilli,annual,no,no,Legacy code lucmodel.py _CROP_TO_CROP_TYPE
cocoa,perennial,no,yes,Legacy code lucmodel.py _CROP_TO_CROP_TYPE
coconut,perennial,no,yes,Legacy code lucmodel.py _CROP_TO_CROP_TYPE
coffee_arabica,perennial,no,yes,Legacy code lucmodel.py _CROP_TO_CROP_TYPE
coffee_robusta,perennial,no,yes,Legacy code lucmodel.py _CROP_TO_CROP_TYPE
coriander,annual,no,no,Legacy code lucmodel.py _CROP_TO_CROP_TYPE
cotton,annual,no,no,Legacy code lucmodel.py _CROP_TO_CROP_TYPE
cranberry,perennial,no,yes,Legacy code lucmodel.py _CROP_TO_CROP_TYPE
eggplant,annual,no,no,Legacy code lucmodel.py _CROP_TO_CROP_TYPE
flax,annual,no,no,Legacy code lucmodel.py _CROP_TO_CROP_TYPE
ginger,annual,no,no,Legacy code lucmodel.py _CROP_TO_CROP_TYPE
grape,perennial,no,yes,Legacy code lucmodel.py _CROP_TO_CROP_TYPE
guar,annual,no,no,Legacy code lucmodel.py _CROP_TO_CROP_TYPE
hemp,annual,no,no,Legacy code lucmodel.py _CROP_TO_CROP_TYPE
lemon,perennial,no,yes,Legacy code lucmodel.py _CROP_TO_CROP_TYPE
citruslime,perennial,no,yes,Legacy code lucmodel.py _CROP_TO_CROP_TYPE
lentil,annual,no,no,Legacy code lucmodel.py _CROP_TO_CROP_TYPE
linseed,annual,no,no,Legacy code lucmodel.py _CROP_TO_CROP_TYPE
maizegrain,annual,no,no,Legacy code lucmodel.py _CROP_TO_CROP_TYPE
mandarin,perennial,no,yes,Legacy code lucmodel.py _CROP_TO_CROP_TYPE
mango,perennial,no,yes,Legacy code lucmodel.py _CROP_TO_CROP_TYPE
mint,annual,no,no,Legacy code lucmodel.py _CROP_TO_CROP_TYPE
mulberry,perennial,no,yes,Legacy code lucmodel.py _CROP_TO_CROP_TYPE
oat,annual,no,no,Legacy code lucmodel.py _CROP_TO_CROP_TYPE
olive,perennial,no,yes,Legacy code lucmodel.py _CROP_TO_CROP_TYPE
onion,annual,no,no,Legacy code lucmodel.py _CROP_TO_CROP_TYPE
orange_fresh,perennial,no,yes,Legacy code lucmodel.py _CROP_TO_CROP_TYPE
orange_processing,perennial,no,yes,Legacy code lucmodel.py _CROP_TO_CROP_TYPE
palmtree,perennial,no,yes,Legacy code lucmodel.py _CROP_TO_CROP_TYPE
peach,perennial,no,yes,Legacy code lucmodel.py _CROP_TO_CROP_TYPE
peanut,annual,no,no,Legacy code lucmodel.py _CROP_TO_CROP_TYPE
pear,perennial,no,yes,Legacy code lucmodel.py _CROP_TO_CROP_TYPE
pearl_millet,annual,no,no,Legacy code lucmodel.py _CROP_TO_CROP_TYPE
pineapple,perennial,no,yes,Legacy code lucmodel.py _CROP_TO_CROP_TYPE
pomegranate,perennial,no,yes,Legacy code lucmodel.py _CROP_TO_CROP_TYPE
potato,annual,no,no,Legacy code lucmodel.py _CROP_TO_CROP_TYPE
rapeseed,annual,no,no,Legacy code lucmodel.py _CROP_TO_CROP_TYPE
raspberry,perennial,no,yes,Legacy code lucmodel.py _CROP_TO_CROP_TYPE
rice,annual,yes,no,Legacy code lucmodel.py had the type 'Paddy rice' (not handled); flooded annual crop (Fix F7)
sesame_seed,annual,no,no,Legacy code lucmodel.py _CROP_TO_CROP_TYPE
soybean,annual,no,no,Legacy code lucmodel.py _CROP_TO_CROP_TYPE
strawberry_fresh,annual,no,no,Legacy code lucmodel.py _CROP_TO_CROP_TYPE
strawberry_processing,annual,no,no,Legacy code lucmodel.py _CROP_TO_CROP_TYPE
sugarbeet,annual,no,no,Legacy code lucmodel.py _CROP_TO_CROP_TYPE
sugarcane,perennial,no,yes,Legacy code lucmodel.py _CROP_TO_CROP_TYPE
sunflower,annual,no,no,Legacy code lucmodel.py _CROP_TO_CROP_TYPE
sweetcorn,annual,no,no,Legacy code lucmodel.py _CROP_TO_CROP_TYPE
tea,perennial,no,yes,Legacy code lucmodel.py _CROP_TO_CROP_TYPE
tomato_fresh,annual,no,no,Legacy code lucmodel.py _CROP_TO_CROP_TYPE
tomato_processing,annual,no,no,Legacy code lucmodel.py _CROP_TO_CROP_TYPE
turmeric,annual,no,no,Legacy code lucmodel.py _CROP_TO_CROP_TYPE
wheat,annual,no,no,Legacy code lucmodel.py _CROP_TO_CROP_TYPE
