source,model_variable,legacy_name,legacy_unit,compartment,subcompartment,status,md312_name,md312_uuid,md312_unit,candidates,note,reviewed_by
EcospoldTemplateSubstanceUsages.java,CO2_from_yield,"Carbon dioxide, in air",kg,natural resource,in air,ok,"Carbon dioxide, in air",cc6a1abb-b123-4ca6-8f16-38209df609be,kg,,,
EcospoldTemplateSubstanceUsages.java,energy_gross_calorific_value,"Energy, gross calorific value, in biomass",MJ,natural resource,biotic,ok,"Energy, gross calorific value, in biomass",01c12fca-ad8b-4902-8b48-2d5afe3d3a0f,MJ,,,
EcospoldTemplateSubstanceUsages.java,utilities_wateruse_ground,"Water, river",m3,natural resource,in water,ok,"Water, river",8c75e7ab-8ab8-41e4-b394-c166ff5b050d,m3,,,
EcospoldTemplateSubstanceUsages.java,utilities_wateruse_surface,"Water, river",m3,natural resource,in water,ok,"Water, river",8c75e7ab-8ab8-41e4-b394-c166ff5b050d,m3,,,
EcospoldTemplateSubstanceUsages.java,occupation_annual_organic_non-irr,"Occupation, annual crop, non-irrigated",m2*year,natural resource,land,ok,"Occupation, annual crop, non-irrigated",a6889a22-e99e-42ea-85cd-4a68d7975dcd,m2*year,,,
EcospoldTemplateSubstanceUsages.java,occupation_annual_organic_irr,"Occupation, annual crop, irrigated",m2*year,natural resource,land,ok,"Occupation, annual crop, irrigated",c4a82f46-381f-474c-a362-3363064b9c33,m2*year,,,
EcospoldTemplateSubstanceUsages.java,occupation_annual_non-irr,"Occupation, annual crop, non-irrigated",m2*year,natural resource,land,ok,"Occupation, annual crop, non-irrigated",a6889a22-e99e-42ea-85cd-4a68d7975dcd,m2*year,,,
EcospoldTemplateSubstanceUsages.java,occupation_annual_irr,"Occupation, annual crop, irrigated",m2*year,natural resource,land,ok,"Occupation, annual crop, irrigated",c4a82f46-381f-474c-a362-3363064b9c33,m2*year,,,
EcospoldTemplateSubstanceUsages.java,occupation_annual_greenhouse,"Occupation, annual crop, greenhouse",m2*year,natural resource,land,ok,"Occupation, annual crop, greenhouse",9e80f7cd-47fa-4c7f-8f2c-bdb9731b3196,m2*year,,,
EcospoldTemplateSubstanceUsages.java,occupation_peren_irr,"Occupation, permanent crop, irrigated",m2*year,natural resource,land,ok,"Occupation, permanent crop, irrigated",1896b498-8d13-4f58-8c17-21fe57740158,m2*year,,,
EcospoldTemplateSubstanceUsages.java,occupation_peren_non-irr,"Occupation, permanent crop, non-irrigated",m2*year,natural resource,land,ok,"Occupation, permanent crop, non-irrigated",18636f13-f552-4136-a353-3b5a8e5f87d1,m2*year,,,
EcospoldTemplateSubstanceUsages.java,transformation_from_annual_irr,"Transformation, from annual crop, irrigated",m2,natural resource,land,ok,"Transformation, from annual crop, irrigated",a70beb60-354d-4dcd-b6fd-8c251357fb2a,m2,,,
EcospoldTemplateSubstanceUsages.java,transformation_from_annual_non-irr,"Transformation, from annual crop, non-irrigated",m2,natural resource,land,ok,"Transformation, from annual crop, non-irrigated",4b420f19-0421-461e-a0b6-7efbf580089b,m2,,,
EcospoldTemplateSubstanceUsages.java,transformation_from_annual_greenhouse,"Transformation, from annual crop, greenhouse",m2,natural resource,land,ok,"Transformation, from annual crop, greenhouse",101f15ac-0698-49dd-b177-471a813ef78e,m2,,,
EcospoldTemplateSubstanceUsages.java,transformation_from_peren_irr,"Transformation, from permanent crop, irrigated",m2,natural resource,land,ok,"Transformation, from permanent crop, irrigated",73cba245-5969-4076-8490-75a236073196,m2,,,
EcospoldTemplateSubstanceUsages.java,transformation_from_peren_non-irr,"Transformation, from permanent crop, non-irrigated",m2,natural resource,land,ok,"Transformation, from permanent crop, non-irrigated",31e4e26b-a997-4969-963d-243699aca3a8,m2,,,
EcospoldTemplateSubstanceUsages.java,transformation_to_annual_irr,"Transformation, to annual crop, irrigated",m2,natural resource,land,ok,"Transformation, to annual crop, irrigated",247ddc2a-c861-43be-97f0-0183e3d12f99,m2,,,
EcospoldTemplateSubstanceUsages.java,transformation_to_annual_non-irr,"Transformation, to annual crop, non-irrigated",m2,natural resource,land,ok,"Transformation, to annual crop, non-irrigated",e97b784a-ec09-4b1b-9f14-cc0ce9799c9e,m2,,,
EcospoldTemplateSubstanceUsages.java,transformation_to_annual_greenhouse,"Transformation, to annual crop, greenhouse",m2,natural resource,land,ok,"Transformation, to annual crop, greenhouse",49c23685-ef19-495b-9a6b-4a91a7ceb710,m2,,,
EcospoldTemplateSubstanceUsages.java,transformation_to_peren_irr,"Transformation, to permanent crop, irrigated",m2,natural resource,land,ok,"Transformation, to permanent crop, irrigated",a487b7db-318a-46ff-8e52-2837fab777ad,m2,,,
EcospoldTemplateSubstanceUsages.java,transformation_to_peren_non-irr,"Transformation, to permanent crop, non-irrigated",m2,natural resource,land,ok,"Transformation, to permanent crop, non-irrigated",3f8e24d7-3d44-4a47-870f-9e3e74decca4,m2,,,
EcospoldTemplateSubstanceUsages.java,ammonia_total,Ammonia,kg,air,non-urban air or from high stacks,ok,Ammonia,0f440cc0-0f74-446d-99d6-8ff0e97a2444,kg,,,
EcospoldTemplateSubstanceUsages.java,CO2_from_fertilisers,"Carbon dioxide, fossil",kg,air,non-urban air or from high stacks,ok,"Carbon dioxide, fossil",aa7cac3a-3625-41d4-bc54-33e2cf11ec46,kg,,,
EcospoldTemplateSubstanceUsages.java,Nox_as_n2o_air,Nitrogen oxides,kg,air,non-urban air or from high stacks,ok,Nitrogen oxides,77357947-ccc5-438e-9996-95e65e1e1bce,kg,,,
EcospoldTemplateSubstanceUsages.java,N2o_air,Dinitrogen monoxide,kg,air,non-urban air or from high stacks,ok,Dinitrogen monoxide,afd6d670-bbb0-4625-9730-04088a5b035e,kg,,,
EcospoldTemplateSubstanceUsages.java,ecoinvent_water_to_air,Water,m3,air,non-urban air or from high stacks,ok,Water,09872080-d143-4fb1-a3a5-647b077107ff,m3,,,
EcospoldTemplateSubstanceUsages.java,nitrate_to_surfacewater,Nitrate,kg,water,surface water,ok,Nitrate,7ce56135-2ca5-4fba-ad52-d62a34bfeb35,kg,,,
EcospoldTemplateSubstanceUsages.java,nitrate_to_groundwater,Nitrate,kg,water,ground-,ok,Nitrate,b9291c72-4b1d-4275-8068-4c707dc3ce33,kg,,,
EcospoldTemplateSubstanceUsages.java,P_surfacewater_erosion,Phosphorus,kg,water,surface water,ok,Phosphorus,b2631209-8374-431e-b7d5-56c96c6b6d79,kg,,,
EcospoldTemplateSubstanceUsages.java,PO4_surfacewater,Phosphate,kg,water,surface water,ok,Phosphate,1727b41d-377e-43cd-bc01-9eaba946eccb,kg,,,
EcospoldTemplateSubstanceUsages.java,PO4_groundwater,Phosphate,kg,water,ground-,ok,Phosphate,329fc7d8-4011-4327-84e4-34ff76f0e42d,kg,,,
EcospoldTemplateSubstanceUsages.java,heavymetal_to_surface_water_cd,"Cadmium, ion",kg,water,surface water,renamed,Cadmium II,af83b42f-a4e6-4457-be74-46a87798f82a,kg,,Master Data 3.12 name of the same flow,
EcospoldTemplateSubstanceUsages.java,heavymetal_to_ground_water_cd,"Cadmium, ion",kg,water,ground-,renamed,Cadmium II,3937f5a5-b4a4-434d-9fc3-1d29064fc3f8,kg,,Master Data 3.12 name of the same flow,
EcospoldTemplateSubstanceUsages.java,heavymetal_to_surface_water_cr,"Chromium, ion",kg,water,surface water,decision,,,,Chromium III | Chromium VI,two different substances,
EcospoldTemplateSubstanceUsages.java,heavymetal_to_ground_water_cr,"Chromium, ion",kg,water,ground-,decision,,,,Chromium III | Chromium VI,two different substances,
EcospoldTemplateSubstanceUsages.java,heavymetal_to_surface_water_cu,"Copper, ion",kg,water,surface water,renamed,Copper ion,6d9550e2-e670-44c1-bad8-c0c4975ffca7,kg,,Master Data 3.12 name of the same flow,
EcospoldTemplateSubstanceUsages.java,heavymetal_to_ground_water_cu,"Copper, ion",kg,water,ground-,renamed,Copper ion,c3b659e5-35f1-408c-8cb5-b5f9b295c76e,kg,,Master Data 3.12 name of the same flow,
EcospoldTemplateSubstanceUsages.java,heavymetal_to_surface_water_pb,Lead,kg,water,surface water,renamed,Lead II,b3ebdcc3-c588-4997-95d2-9785b26b34e1,kg,,Master Data 3.12 name of the same flow,
EcospoldTemplateSubstanceUsages.java,heavymetal_to_ground_water_pb,Lead,kg,water,ground-,renamed,Lead II,c864aa15-0abc-41ad-9889-348106e485d8,kg,,Master Data 3.12 name of the same flow,
EcospoldTemplateSubstanceUsages.java,heavymetal_to_surface_water_hg,Mercury,kg,water,surface water,renamed,Mercury II,66bfb434-78ab-4183-b1a7-7f87d08974fa,kg,,Master Data 3.12 name of the same flow,
EcospoldTemplateSubstanceUsages.java,heavymetal_to_ground_water_hg,Mercury,kg,water,ground-,renamed,Mercury II,e1aa92d7-9297-452e-ade0-e5e2acc52ad7,kg,,Master Data 3.12 name of the same flow,
EcospoldTemplateSubstanceUsages.java,heavymetal_to_surface_water_ni,"Nickel, ion",kg,water,surface water,renamed,Nickel II,9798359e-a3ee-4362-a038-23a188582c6e,kg,,Master Data 3.12 name of the same flow,
EcospoldTemplateSubstanceUsages.java,heavymetal_to_ground_water_ni,"Nickel, ion",kg,water,ground-,renamed,Nickel II,56815b4f-6138-4e0b-9fac-c94fd6b102b3,kg,,Master Data 3.12 name of the same flow,
EcospoldTemplateSubstanceUsages.java,heavymetal_to_surface_water_zn,"Zinc, ion",kg,water,surface water,renamed,Zinc II,541b633c-17a3-4047-bce6-0c0e4fdb7c10,kg,,Master Data 3.12 name of the same flow,
EcospoldTemplateSubstanceUsages.java,heavymetal_to_ground_water_zn,"Zinc, ion",kg,water,ground-,renamed,Zinc II,7e769b3e-03fb-4b53-be15-85a910dcfea9,kg,,Master Data 3.12 name of the same flow,
EcospoldTemplateSubstanceUsages.java,ecoinvent_water_to_water_river,Water,m3,water,surface water,ok,Water,db4566b1-bd88-427d-92da-2d25879063b9,m3,,,
EcospoldTemplateSubstanceUsages.java,ecoinvent_water_to_water_groundwater,Water,m3,water,ground-,ok,Water,51254820-3456-4373-b7b4-056cf7b16e01,m3,,,
EcospoldTemplateSubstanceUsages.java,eol_waste_water_to_nature,Water,m3,water,surface water,ok,Water,db4566b1-bd88-427d-92da-2d25879063b9,m3,,,
EcospoldTemplateSubstanceUsages.java,cod_in_waste_water,"COD, Chemical Oxygen Demand",kg,water,ground-,ok,"COD, Chemical Oxygen Demand",be10dd54-eb4d-48ae-9e14-7d79ce8b170d,kg,,,
EcospoldTemplateSubstanceUsages.java,doc_in_waste_water,"DOC, Dissolved Organic Carbon",kg,water,ground-,ok,"DOC, Dissolved Organic Carbon",73eed463-4986-4d81-8bae-60dae5be49d0,kg,,,
EcospoldTemplateSubstanceUsages.java,toc_in_waste_water,"TOC, Total Organic Carbon",kg,water,ground-,ok,"TOC, Total Organic Carbon",73b225ab-ddc4-4a38-9ed0-ceedee987424,kg,,,
EcospoldTemplateSubstanceUsages.java,bod5_in_waste_water,"BOD5, Biological Oxygen Demand",kg,water,ground-,ok,"BOD5, Biological Oxygen Demand",57c27ba7-a61a-4932-8cd5-095c88ff0245,kg,,,
EcospoldTemplateSubstanceUsages.java,heavymetal_to_soil_minus_uptake_cd,Cadmium,kg,soil,agricultural,renamed,Cadmium II,e429b852-e421-4fcb-8a9b-b0241863bfb2,kg,,Master Data 3.12 name of the same flow,
EcospoldTemplateSubstanceUsages.java,heavymetal_to_soil_minus_uptake_cr,Chromium,kg,soil,agricultural,decision,,,,Chromium III | Chromium VI,two different substances,
EcospoldTemplateSubstanceUsages.java,heavymetal_to_soil_minus_uptake_cu,Copper,kg,soil,agricultural,ok,Copper,fb876e1f-7bc3-54fb-9bb2-c06a863283de,kg,,,
EcospoldTemplateSubstanceUsages.java,heavymetal_to_soil_minus_uptake_pb,Lead,kg,soil,agricultural,renamed,Lead II,4010918f-7fd0-4925-8fbb-8fd7a44a806c,kg,,Master Data 3.12 name of the same flow,
EcospoldTemplateSubstanceUsages.java,heavymetal_to_soil_minus_uptake_hg,Mercury,kg,soil,agricultural,renamed,Mercury II,ed2d49f8-110d-4db4-9488-f61c349e6117,kg,,Master Data 3.12 name of the same flow,
EcospoldTemplateSubstanceUsages.java,heavymetal_to_soil_minus_uptake_ni,Nickel,kg,soil,agricultural,renamed,Nickel II,b4580545-243d-48d2-a3a0-2633a4f46fb1,kg,,Master Data 3.12 name of the same flow,
EcospoldTemplateSubstanceUsages.java,heavymetal_to_soil_minus_uptake_zn,Zinc,kg,soil,agricultural,renamed,Zinc II,84aa799e-9d98-4d34-85e0-516d28ab1be9,kg,,Master Data 3.12 name of the same flow,
EcospoldTemplateSubstanceUsages.java,pest_horticultural_oil,Mineral oil,kg,soil,agricultural,ok,Mineral oil,5a405a78-45bb-49de-8ecc-48a5d9cf9721,kg,,,
ecospold_pesticides_substance_mapping.properties,pesti_herbicides_2_4_d,"2,4-D",kg,soil,agricultural,ok,"2,4-D",f681eb3c-854a-4f78-bcfe-76dfbcf9df3c,kg,,,
ecospold_pesticides_substance_mapping.properties,pesti_herbicides_aclonifen,Aclonifen,kg,soil,agricultural,ok,Aclonifen,dc64ecac-a65f-4d9a-9de6-557f1135659f,kg,,,
ecospold_pesticides_substance_mapping.properties,pesti_herbicides_alachlor,Alachlor,kg,soil,agricultural,ok,Alachlor,f809b5e9-ed1b-4117-8bc7-9acf883ec7f5,kg,,,
ecospold_pesticides_substance_mapping.properties,pesti_herbicides_amidosulfuron,Amidosulfuron,kg,soil,agricultural,ok,Amidosulfuron,feb606a8-c259-4169-9652-6b38467739f7,kg,,,
ecospold_pesticides_substance_mapping.properties,pesti_herbicides_asulam,Asulam,kg,soil,agricultural,ok,Asulam,042de84f-261d-4e29-bb7d-f43601cc2c7d,kg,,,
ecospold_pesticides_substance_mapping.properties,pesti_herbicides_atrazine,Atrazine,kg,soil,agricultural,ok,Atrazine,efd3798a-ff6b-46ef-b408-0e74d80548cc,kg,,,
ecospold_pesticides_substance_mapping.properties,pesti_herbicides_aziprotryne,Aziprotryne,kg,soil,agricultural,ok,Aziprotryne,3f3d97d7-6ecb-5b48-8bb1-2bada023950e,kg,,,
ecospold_pesticides_substance_mapping.properties,pesti_herbicides_benazolin,Benazolin,kg,soil,agricultural,ok,Benazolin,e4369d6b-1c65-455b-bce2-8b74636a3c80,kg,,,
ecospold_pesticides_substance_mapping.properties,pesti_herbicides_benoxacor,Benoxacor,kg,soil,agricultural,ok,Benoxacor,886726f4-d8bc-566b-96dd-c02ccdd235dd,kg,,,
ecospold_pesticides_substance_mapping.properties,pesti_herbicides_bentazone,Bentazone,kg,soil,agricultural,ok,Bentazone,237ea455-6c82-4254-af86-9409df922094,kg,,,
ecospold_pesticides_substance_mapping.properties,pesti_herbicides_benzoic_acid,Benzoic acid,kg,soil,agricultural,ok,Benzoic acid,0ae80e4e-2e46-5292-a0d7-7526bebc603b,kg,,,
ecospold_pesticides_substance_mapping.properties,pesti_herbicides_benzthiazuron,Benzthiazuron,kg,soil,agricultural,ok,Benzthiazuron,98b2ed3c-a7e3-5e67-93e4-44c1a77c587c,kg,,,
ecospold_pesticides_substance_mapping.properties,pesti_herbicides_daminozide,Daminozide,kg,soil,agricultural,ok,Daminozide,954dae72-064c-5db0-9c25-a98bfbfc727f,kg,,,
ecospold_pesticides_substance_mapping.properties,pesti_herbicides_bifenox,Bifenox,kg,soil,agricultural,ok,Bifenox,db0bac33-49e5-4888-89bd-15f4bfe11e51,kg,,,
ecospold_pesticides_substance_mapping.properties,pesti_herbicides_bromoxynil_as_ester,Bromoxynil,kg,soil,agricultural,ok,Bromoxynil,e24da787-41ae-4aa3-b13b-36862b5fd10e,kg,,,
ecospold_pesticides_substance_mapping.properties,pesti_herbicides_bromoxynil,Bromoxynil,kg,soil,agricultural,ok,Bromoxynil,e24da787-41ae-4aa3-b13b-36862b5fd10e,kg,,,
ecospold_pesticides_substance_mapping.properties,pesti_herbicides_bromoxynil_octanoat,Bromoxynil octanoate,kg,soil,agricultural,ok,Bromoxynil octanoate,34eb8944-7396-59d5-9e4c-099670a033d9,kg,,,
ecospold_pesticides_substance_mapping.properties,pesti_herbicides_bromofenoxim,Bromofenoxim,kg,soil,agricultural,ok,Bromofenoxim,0a366c38-2c07-56e8-b03f-e97f0080daa1,kg,,,
ecospold_pesticides_substance_mapping.properties,pesti_herbicides_butafenacil,Butafenacil,kg,soil,agricultural,ok,Butafenacil,35285162-c785-5a69-b741-277f41316ae0,kg,,,
ecospold_pesticides_substance_mapping.properties,pesti_herbicides_butralin,Butralin,kg,soil,agricultural,ok,Butralin,4fe97589-e19a-58f3-8356-c4e55b4703cb,kg,,,
ecospold_pesticides_substance_mapping.properties,pesti_herbicides_calcium_hydroxide,Calcium hydroxide,kg,soil,agricultural,ok,Calcium hydroxide,3009348f-195c-5ab6-a6e7-3e35c4c86660,kg,,,
ecospold_pesticides_substance_mapping.properties,pesti_herbicides_carbetamide,Carbetamide,kg,soil,agricultural,ok,Carbetamide,21f84442-7dc8-492a-8253-867dd1caf8d6,kg,,,
ecospold_pesticides_substance_mapping.properties,pesti_herbicides_carfentrazone_ethyl,Carfentrazone-ethyl,kg,soil,agricultural,ok,Carfentrazone-ethyl,91d68678-7ed7-417a-86a7-a486c7b8a973,kg,,,
ecospold_pesticides_substance_mapping.properties,pesti_herbicides_chlorbromuron,Chlorbromuron,kg,soil,agricultural,ok,Chlorbromuron,4cf834bb-0a24-5503-b163-12688b35af1e,kg,,,
ecospold_pesticides_substance_mapping.properties,pesti_herbicides_chlorbufam,Chlorbufam,kg,soil,agricultural,ok,Chlorbufam,d5694174-f34c-5f47-a385-564ac1712c69,kg,,,
ecospold_pesticides_substance_mapping.properties,pesti_herbicides_chloridazon,Chloridazon,kg,soil,agricultural,ok,Chloridazon,2e3da68d-e404-4377-bce9-b35244980811,kg,,,
ecospold_pesticides_substance_mapping.properties,pesti_herbicides_chlorophen,"Phenol, pentachloro-",kg,soil,agricultural,proposed,Pentachlorophenol,ebca692a-4ef2-5ca0-86c9-435f9071b7ed,kg,,"same substance, index name vs common name",
ecospold_pesticides_substance_mapping.properties,pesti_herbicides_chlorthal,Chlorthal,kg,soil,agricultural,ok,Chlorthal,c5a71ba0-3eee-5b52-a75b-829c650a05d4,kg,,,
ecospold_pesticides_substance_mapping.properties,pesti_herbicides_chlortoluron,Chlorotoluron,kg,soil,agricultural,ok,Chlorotoluron,e8bc4c9e-c34f-4983-aea0-2433f3397a3a,kg,,,
ecospold_pesticides_substance_mapping.properties,pesti_herbicides_cinidon_ethyl,Cinidon-ethyl,kg,soil,agricultural,ok,Cinidon-ethyl,c0f2ec91-162c-4706-b08c-9aa212fbe176,kg,,,
ecospold_pesticides_substance_mapping.properties,pesti_herbicides_clethodim,Clethodim,kg,soil,agricultural,ok,Clethodim,873d28d3-e53b-46a6-aaa0-63b923f0a56c,kg,,,
ecospold_pesticides_substance_mapping.properties,pesti_herbicides_clodinafop_propargyl,Clodinafop-propargyl,kg,soil,agricultural,ok,Clodinafop-propargyl,29fba89c-b900-4160-a5f1-129916933bca,kg,,,
ecospold_pesticides_substance_mapping.properties,pesti_herbicides_clomazone,Clomazone,kg,soil,agricultural,ok,Clomazone,7120eec5-cf9a-4c69-83f2-f1a58813754c,kg,,,
ecospold_pesticides_substance_mapping.properties,pesti_herbicides_clopyralid,Clopyralid,kg,soil,agricultural,ok,Clopyralid,a40f1ce3-e72f-48fa-8bba-174a1d4bf922,kg,,,
ecospold_pesticides_substance_mapping.properties,pesti_herbicides_cloquintocet_mexyl,Cloquintocet-mexyl,kg,soil,agricultural,ok,Cloquintocet-mexyl,50eebfd4-1b99-45d6-a149-68a6d4568cb4,kg,,,
ecospold_pesticides_substance_mapping.properties,pesti_herbicides_cyanamide,Cyanamide,kg,soil,agricultural,ok,Cyanamide,10e3b4c5-7c8f-58eb-9606-9a1a0a96598a,kg,,,
ecospold_pesticides_substance_mapping.properties,pesti_herbicides_cyanazine,Cyanazine,kg,soil,agricultural,ok,Cyanazine,05bfed24-3408-42a2-9208-daec1538905d,kg,,,
ecospold_pesticides_substance_mapping.properties,pesti_herbicides_cycloxydim,Cycloxydim,kg,soil,agricultural,ok,Cycloxydim,111c5f0c-3dda-4b7c-a5e2-aaada6ab6f79,kg,,,
ecospold_pesticides_substance_mapping.properties,pesti_herbicides_cycluron,Cycluron,kg,soil,agricultural,ok,Cycluron,a81c4e28-346e-54bb-8519-049315b30e1b,kg,,,
ecospold_pesticides_substance_mapping.properties,pesti_herbicides_dimethenamid_p,Dimethenamid-P,kg,soil,agricultural,ok,Dimethenamid-P,349ae04f-3802-53d3-840e-a98334b3e3ba,kg,,,
ecospold_pesticides_substance_mapping.properties,pesti_herbicides_desmedipham,Desmedipham,kg,soil,agricultural,ok,Desmedipham,6b9bd023-b581-4dfe-8eca-069a4d646dfb,kg,,,
ecospold_pesticides_substance_mapping.properties,pesti_herbicides_dicamba,Dicamba,kg,soil,agricultural,ok,Dicamba,44b7826f-6f4c-44f3-81eb-ad3426073fae,kg,,,
ecospold_pesticides_substance_mapping.properties,pesti_herbicides_dichlobenil,Dichlobenil,kg,soil,agricultural,ok,Dichlobenil,bf6156c6-3abd-4875-86d2-b64f557c9e5d,kg,,,
ecospold_pesticides_substance_mapping.properties,pesti_herbicides_dichlorprop_p,Dichlorprop-P,kg,soil,agricultural,ok,Dichlorprop-P,02dd7309-b7c2-47bb-82c8-09345be9c2bb,kg,,,
ecospold_pesticides_substance_mapping.properties,pesti_herbicides_diflufenican,Diflufenican,kg,soil,agricultural,ok,Diflufenican,016da38a-40a6-483c-b328-9782dc46e802,kg,,,
ecospold_pesticides_substance_mapping.properties,pesti_herbicides_dimefuron,Dimefuron,kg,soil,agricultural,ok,Dimefuron,d0193bc5-365b-4a30-b30e-34ede49d069a,kg,,,
ecospold_pesticides_substance_mapping.properties,pesti_herbicides_dimethachlor,Dimethachlor,kg,soil,agricultural,ok,Dimethachlor,b3b430f2-1a9e-4db3-8379-85097a24de1f,kg,,,
ecospold_pesticides_substance_mapping.properties,pesti_herbicides_dimethenamid,Dimethenamid,kg,soil,agricultural,proposed,Dimethenamide,71525276-3417-4d4b-9af8-0baa265de4a2,kg,,racemic dimethenamid; Dimethenamid-P is the S-enantiomer,
ecospold_pesticides_substance_mapping.properties,pesti_herbicides_dinoseb_dnbp,Dinoseb,kg,soil,agricultural,ok,Dinoseb,1eb38c24-2814-4c8e-bfdc-13467bab783c,kg,,,
ecospold_pesticides_substance_mapping.properties,pesti_herbicides_diquat,Diquat,kg,soil,agricultural,ok,Diquat,063a0cee-aa71-4ea6-85ca-045c74ca1a66,kg,,,
ecospold_pesticides_substance_mapping.properties,pesti_herbicides_diuron,Diuron,kg,soil,agricultural,ok,Diuron,934c5e25-5370-421c-b079-07d01c49dedb,kg,,,
ecospold_pesticides_substance_mapping.properties,pesti_herbicides_ethofumesate,Ethofumesate,kg,soil,agricultural,ok,Ethofumesate,a2f886e3-8db8-4bce-bedf-b2004b4cc558,kg,,,
ecospold_pesticides_substance_mapping.properties,pesti_herbicides_fenoxaprop_ethyl_ester,Fenoxaprop ethyl ester,kg,soil,agricultural,ok,Fenoxaprop ethyl ester,b700cb75-eeff-444c-aabc-ea4dbd7a630e,kg,,,
ecospold_pesticides_substance_mapping.properties,pesti_herbicides_fenoxaprop_p_ethyl,Fenoxaprop-P ethyl ester,kg,soil,agricultural,ok,Fenoxaprop-P ethyl ester,b6e37022-cef7-4b2a-9e1e-f6ae4a0503e7,kg,,,
ecospold_pesticides_substance_mapping.properties,pesti_herbicides_flazasulfuron,Flazasulfuron,kg,soil,agricultural,ok,Flazasulfuron,1516ec05-1677-553a-9ce7-748002246ecc,kg,,,
ecospold_pesticides_substance_mapping.properties,pesti_herbicides_florasulam,Florasulam,kg,soil,agricultural,ok,Florasulam,0015ec22-72cb-4af1-8c7b-0ba0d041553c,kg,,,
ecospold_pesticides_substance_mapping.properties,pesti_herbicides_fluazifop_p_butyl,Fluazifop-P-butyl,kg,soil,agricultural,ok,Fluazifop-P-butyl,82f5987e-39bf-4055-8f4e-ea3a1882306f,kg,,,
ecospold_pesticides_substance_mapping.properties,pesti_herbicides_flufenacet,Flufenacet,kg,soil,agricultural,ok,Flufenacet,e9889638-ea4c-45b8-90fa-3201b43191e3,kg,,,
ecospold_pesticides_substance_mapping.properties,pesti_herbicides_flumioxazin,Flumioxazin,kg,soil,agricultural,ok,Flumioxazin,a1693936-2774-4f31-8e5b-c513a5870015,kg,,,
ecospold_pesticides_substance_mapping.properties,pesti_herbicides_fluoroglycofen,Fluoroglycofen,kg,soil,agricultural,ok,Fluoroglycofen,9933c5bc-8337-5daf-b111-60c2b451dc3e,kg,,,
ecospold_pesticides_substance_mapping.properties,pesti_herbicides_flupyrsulfuron_methyl,Flupyrsulfuron-methyl,kg,soil,agricultural,ok,Flupyrsulfuron-methyl,0c77f5af-0a0b-4205-acb6-0b031c22029f,kg,,,
ecospold_pesticides_substance_mapping.properties,pesti_herbicides_flurenol,Flurenol,kg,soil,agricultural,ok,Flurenol,07a5e6ef-e95e-52ab-83ca-073b0727b0a0,kg,,,
ecospold_pesticides_substance_mapping.properties,pesti_herbicides_flurochloridone,Flurochloridone,kg,soil,agricultural,ok,Flurochloridone,a0544534-e298-46a9-bbd2-949902ac1487,kg,,,
ecospold_pesticides_substance_mapping.properties,pesti_herbicides_fluroxypyr,Fluroxypyr,kg,soil,agricultural,ok,Fluroxypyr,20834550-2d87-47d0-9d3c-fd65c108c72b,kg,,,
ecospold_pesticides_substance_mapping.properties,pesti_herbicides_starane,Starane,kg,soil,agricultural,ok,Starane,6be19c27-bbb9-4c2d-9831-fc7a035052a5,kg,,,
ecospold_pesticides_substance_mapping.properties,pesti_herbicides_foramsulfuron,Foramsulfuron,kg,soil,agricultural,ok,Foramsulfuron,b11d2f9f-1fee-49ca-aef6-de238b8f98c9,kg,,,
ecospold_pesticides_substance_mapping.properties,pesti_herbicides_glufosinate,Glufosinate,kg,soil,agricultural,ok,Glufosinate,b7a0a14a-b0b2-4aeb-923f-5c2ec1251dd5,kg,,,
ecospold_pesticides_substance_mapping.properties,pesti_herbicides_glyphosate,Glyphosate,kg,soil,agricultural,ok,Glyphosate,3850d44e-8919-47bc-9c0a-51ccc4ec9d9f,kg,,,
ecospold_pesticides_substance_mapping.properties,pesti_herbicides_haloxyfop_p_methyl,Haloxyfop-P-methyl,kg,soil,agricultural,ok,Haloxyfop-P-methyl,a058168e-9a1e-5126-80b6-2d202e746835,kg,,,
ecospold_pesticides_substance_mapping.properties,pesti_herbicides_imazamox,Imazamox,kg,soil,agricultural,ok,Imazamox,f5613910-92ec-4bf3-9585-926749432289,kg,,,
ecospold_pesticides_substance_mapping.properties,pesti_herbicides_iodosulfuron,Iodosulfuron,kg,soil,agricultural,ok,Iodosulfuron,df1cc3ea-7a3c-40ca-8349-42b89ff59063,kg,,,
ecospold_pesticides_substance_mapping.properties,pesti_herbicides_iodosulfuron_methyl_sodium,Iodosulfuron-methyl-sodium,kg,soil,agricultural,ok,Iodosulfuron-methyl-sodium,c4ab841c-b243-45fe-b5f9-258a00016fc9,kg,,,
ecospold_pesticides_substance_mapping.properties,pesti_herbicides_ioxynil,Ioxynil,kg,soil,agricultural,ok,Ioxynil,6744b13d-2908-4725-88a3-1afd6696c899,kg,,,
ecospold_pesticides_substance_mapping.properties,pesti_herbicides_ioxynil_methyl_ester,Ioxynil Methyl Ester,kg,soil,agricultural,renamed,Ioxynil methyl ester,a5a8cee4-65ed-5e02-a1d1-9f81d88223c8,kg,,capitalisation only,
ecospold_pesticides_substance_mapping.properties,pesti_herbicides_isoxadifen_ethyl,Isoxadifen-ethyl,kg,soil,agricultural,ok,Isoxadifen-ethyl,b3e6eedb-e295-56df-accf-0471bf42746f,kg,,,
ecospold_pesticides_substance_mapping.properties,pesti_herbicides_isoproturon,Isoproturon,kg,soil,agricultural,ok,Isoproturon,04f9be83-433e-4564-af72-98e463e5b616,kg,,,
ecospold_pesticides_substance_mapping.properties,pesti_herbicides_isoxaflutole,Isoxaflutole,kg,soil,agricultural,ok,Isoxaflutole,90f7c1f9-e57e-4806-a154-5be9a6e1ac2e,kg,,,
ecospold_pesticides_substance_mapping.properties,pesti_herbicides_lenacil,Lenacil,kg,soil,agricultural,ok,Lenacil,6b7a3386-4aa7-4e58-9450-41130dbfa099,kg,,,
ecospold_pesticides_substance_mapping.properties,pesti_herbicides_linuron,Linuron,kg,soil,agricultural,ok,Linuron,971f25e5-1501-454a-8a5a-2723f84d7974,kg,,,
ecospold_pesticides_substance_mapping.properties,pesti_herbicides_mcpa,MCPA,kg,soil,agricultural,ok,MCPA,e5492922-eaf5-4409-aa49-7f2a35cd0336,kg,,,
ecospold_pesticides_substance_mapping.properties,pesti_herbicides_mcpb,MCPB,kg,soil,agricultural,ok,MCPB,415f43c0-3908-418d-95cd-fca46ec371b9,kg,,,
ecospold_pesticides_substance_mapping.properties,pesti_herbicides_mcpp_mecoprop,Mecoprop,kg,soil,agricultural,ok,Mecoprop,bef7c90d-9f65-483c-b6b6-4b5d1086c878,kg,,,
ecospold_pesticides_substance_mapping.properties,pesti_herbicides_mecoprop_p,Mecoprop-P,kg,soil,agricultural,ok,Mecoprop-P,0f901f59-84bd-42a5-9a4c-04bd8cac7fb9,kg,,,
ecospold_pesticides_substance_mapping.properties,pesti_herbicides_mefenpyr_diethyl,Mefenpyr-Diethyl,kg,soil,agricultural,renamed,Mefenpyr-diethyl,f97ee737-45ca-4a19-bbf4-30746bfa6fb4,kg,,capitalisation only,
ecospold_pesticides_substance_mapping.properties,pesti_herbicides_mesosulfuron,Mesosulfuron,kg,soil,agricultural,ok,Mesosulfuron,a4550604-95b4-5226-a87c-7d3fba511b41,kg,,,
ecospold_pesticides_substance_mapping.properties,pesti_herbicides_mesotrione,Mesotrione,kg,soil,agricultural,ok,Mesotrione,8b1020ea-0714-40df-8ea9-450e26963a43,kg,,,
ecospold_pesticides_substance_mapping.properties,pesti_herbicides_metamitron,Metamitron,kg,soil,agricultural,ok,Metamitron,fbebc389-bce6-4540-8869-50076139f370,kg,,,
ecospold_pesticides_substance_mapping.properties,pesti_herbicides_metazachlor,Metazachlor,kg,soil,agricultural,ok,Metazachlor,89dd5dfb-aa72-4c48-aaf7-b0aa16497029,kg,,,
ecospold_pesticides_substance_mapping.properties,pesti_herbicides_methabenzthiazuron,Methabenzthiazuron,kg,soil,agricultural,ok,Methabenzthiazuron,bb9a0c00-e0af-4926-8b0e-0a0be79abaf6,kg,,,
ecospold_pesticides_substance_mapping.properties,pesti_herbicides_metobromuron,Metobromuron,kg,soil,agricultural,ok,Metobromuron,616f4baa-8e97-5892-baf7-41ef582cfb38,kg,,,
ecospold_pesticides_substance_mapping.properties,pesti_herbicides_metolachlor,Metolachlor,kg,soil,agricultural,ok,Metolachlor,d2885a24-b728-4832-8638-15697630eff9,kg,,,
ecospold_pesticides_substance_mapping.properties,pesti_herbicides_metosulam,Metosulam,kg,soil,agricultural,ok,Metosulam,b7feaed4-a5d3-4601-894c-e10f9dc7575b,kg,,,
ecospold_pesticides_substance_mapping.properties,pesti_herbicides_metribuzin,Metribuzin,kg,soil,agricultural,ok,Metribuzin,171aebab-b5e0-493f-8776-43e1a694666f,kg,,,
ecospold_pesticides_substance_mapping.properties,pesti_herbicides_metsulfuron_methyl,Metsulfuron-methyl,kg,soil,agricultural,ok,Metsulfuron-methyl,c2c2b2c4-0a30-4c79-8d1f-0735a95a8962,kg,,,
ecospold_pesticides_substance_mapping.properties,pesti_herbicides_monolinuron,Monolinuron,kg,soil,agricultural,ok,Monolinuron,340eb8e4-5282-4862-8840-35fcc50e3505,kg,,,
ecospold_pesticides_substance_mapping.properties,pesti_herbicides_napropamide,Napropamide,kg,soil,agricultural,ok,Napropamide,9122eb15-12c8-4621-a036-209f6c06e3fb,kg,,,
ecospold_pesticides_substance_mapping.properties,pesti_herbicides_neburon,Neburon,kg,soil,agricultural,ok,Neburon,fca49bf5-8cae-559f-b76b-5f6ad4fe658d,kg,,,
ecospold_pesticides_substance_mapping.properties,pesti_herbicides_nicosulfuron,Nicosulfuron,kg,soil,agricultural,ok,Nicosulfuron,504672ba-784f-4c87-bf3e-ede17992e4a2,kg,,,
ecospold_pesticides_substance_mapping.properties,pesti_herbicides_orbencarb,Orbencarb,kg,soil,agricultural,ok,Orbencarb,365010c0-d4dd-4281-a1a7-7e2302c4105f,kg,,,
ecospold_pesticides_substance_mapping.properties,pesti_herbicides_oryzalin,Oryzalin,kg,soil,agricultural,ok,Oryzalin,662c6aea-3c5b-4205-a3e0-942f29af03c4,kg,,,
ecospold_pesticides_substance_mapping.properties,pesti_herbicides_oxyfluorfen,Oxyfluorfen,kg,soil,agricultural,ok,Oxyfluorfen,19ca9276-e5c6-47f5-a3a4-18284d2a27c3,kg,,,
ecospold_pesticides_substance_mapping.properties,pesti_herbicides_oxasulfuron,Oxasulfuron,kg,soil,agricultural,ok,Oxasulfuron,224c984f-5232-53d7-be57-5fece5b26323,kg,,,
ecospold_pesticides_substance_mapping.properties,pesti_herbicides_pendimethalin,Pendimethalin,kg,soil,agricultural,ok,Pendimethalin,9cbbd44e-bc02-4586-9d58-e223db6f5e24,kg,,,
ecospold_pesticides_substance_mapping.properties,pesti_herbicides_pethoxamid,Pethoxamid,kg,soil,agricultural,ok,Pethoxamid,231bcbc6-ce4d-5550-8244-9431031dea95,kg,,,
ecospold_pesticides_substance_mapping.properties,pesti_herbicides_phenmedipham,Phenmedipham,kg,soil,agricultural,ok,Phenmedipham,50fb73f7-935a-4cf8-81a0-ff3ca0ea35f9,kg,,,
ecospold_pesticides_substance_mapping.properties,pesti_herbicides_pinoxaden,Pinoxaden,kg,soil,agricultural,ok,Pinoxaden,8e52912d-cb22-52c0-9ded-1fc168440a17,kg,,,
ecospold_pesticides_substance_mapping.properties,pesti_herbicides_piperonyl_butoxide,Piperonyl butoxide,kg,soil,agricultural,ok,Piperonyl butoxide,13be989f-9a8e-420d-b27d-47c3565eb77c,kg,,,
ecospold_pesticides_substance_mapping.properties,pesti_herbicides_propachlor,Propachlor,kg,soil,agricultural,ok,Propachlor,0a0a8657-0cc0-4132-a31b-cb4b0a0f3f3a,kg,,,
ecospold_pesticides_substance_mapping.properties,pesti_herbicides_propaquizafop,Propaquizafop,kg,soil,agricultural,ok,Propaquizafop,89107893-d6a6-4b60-b17e-7f4542461dfd,kg,,,
ecospold_pesticides_substance_mapping.properties,pesti_herbicides_propham_ipc,Propham,kg,soil,agricultural,ok,Propham,d1b2cbef-7804-5ec0-8d93-f1cf91c59fb4,kg,,,
ecospold_pesticides_substance_mapping.properties,pesti_herbicides_propoxycarbazone_sodium,Propoxycarbazone-sodium (prop),kg,soil,agricultural,ok,Propoxycarbazone-sodium (prop),3aa9471c-359f-40b4-b0c7-266123f2623e,kg,,,
ecospold_pesticides_substance_mapping.properties,pesti_herbicides_pronamide,Pronamide,kg,soil,agricultural,ok,Pronamide,30e130e0-ff90-4e07-9cda-c53b81e0bbe6,kg,,,
ecospold_pesticides_substance_mapping.properties,pesti_herbicides_prosulfocarb,Prosulfocarb,kg,soil,agricultural,ok,Prosulfocarb,b4f381ed-345e-48eb-b85a-c8b3f4730af1,kg,,,
ecospold_pesticides_substance_mapping.properties,pesti_herbicides_prosulfuron,Prosulfuron,kg,soil,agricultural,ok,Prosulfuron,04cd03b8-8206-4d3a-a910-59ffc0550c2c,kg,,,
ecospold_pesticides_substance_mapping.properties,pesti_herbicides_pyraflufen_ethyl,Pyraflufen-ethyl,kg,soil,agricultural,ok,Pyraflufen-ethyl,2fee2825-acaa-562e-8611-e607b8f94fcc,kg,,,
ecospold_pesticides_substance_mapping.properties,pesti_herbicides_pyridate,Pyridate,kg,soil,agricultural,ok,Pyridate,46bce580-a40e-4bb4-a835-083a519f3b50,kg,,,
ecospold_pesticides_substance_mapping.properties,pesti_herbicides_quinoclamine,"2-Amino-3-chloro-1,4-naphthoquinone",kg,soil,agricultural,proposed,Quinoclamine,f9ba52c4-ffe0-53fc-9724-6c1daebcbc1c,kg,,chemical name of quinoclamine (CAS 2797-51-5),
ecospold_pesticides_substance_mapping.properties,pesti_herbicides_quizalofop_p_ethyl,Quizalofop-P-ethyl,kg,soil,agricultural,renamed,Quizalofop-p-ethyl,7bddbf65-6f39-4ae1-bddf-d8d4632c8efe,kg,,capitalisation only,
ecospold_pesticides_substance_mapping.properties,pesti_herbicides_rimsulfuron,Rimsulfuron,kg,soil,agricultural,ok,Rimsulfuron,8b4f0e68-38d5-4bee-b647-680d3a117560,kg,,,
ecospold_pesticides_substance_mapping.properties,pesti_herbicides_siduron,Siduron,kg,soil,agricultural,ok,Siduron,e6f95937-83c5-55a9-8bbb-80be75452175,kg,,,
ecospold_pesticides_substance_mapping.properties,pesti_herbicides_simazine,Simazine,kg,soil,agricultural,ok,Simazine,3ac07adf-7b44-46f7-9470-b7b1bf0ba961,kg,,,
ecospold_pesticides_substance_mapping.properties,pesti_herbicides_metolachlor_s,S-metolachlor,kg,soil,agricultural,renamed,S-Metolachlor,317c9f65-0142-5fa0-99da-98a5c7d639dd,kg,,capitalisation only,
ecospold_pesticides_substance_mapping.properties,pesti_herbicides_sulcotrione,Sulcotrione,kg,soil,agricultural,ok,Sulcotrione,ed833edc-cec9-54c1-9bd8-1579ff25ff75,kg,,,
ecospold_pesticides_substance_mapping.properties,pesti_herbicides_sulfosate,Sulfosate,kg,soil,agricultural,ok,Sulfosate,4518a791-f5dd-4ee2-ab87-2f8ffca6b230,kg,,,
ecospold_pesticides_substance_mapping.properties,pesti_herbicides_sulfosulfuron,Sulfosulfuron,kg,soil,agricultural,ok,Sulfosulfuron,6a9afa4e-3b29-4695-b742-56c893060dd3,kg,,,
ecospold_pesticides_substance_mapping.properties,pesti_herbicides_tebutam,Tebutam,kg,soil,agricultural,ok,Tebutam,3d92a9a3-8942-4ed9-8522-fe027656e9e9,kg,,,
ecospold_pesticides_substance_mapping.properties,pesti_herbicides_tepraloxydim,Tepraloxydim,kg,soil,agricultural,ok,Tepraloxydim,7d685caf-34cf-5466-b048-6841a368dcee,kg,,,
ecospold_pesticides_substance_mapping.properties,pesti_herbicides_terbacil,Terbacil,kg,soil,agricultural,ok,Terbacil,a110815e-69d2-43bd-8bf8-4e842e5895e3,kg,,,
ecospold_pesticides_substance_mapping.properties,pesti_herbicides_terbuthylazin,Terbuthylazin,kg,soil,agricultural,ok,Terbuthylazin,1be6f247-61bd-4614-a1fa-01a85e968fcb,kg,,,
ecospold_pesticides_substance_mapping.properties,pesti_herbicides_terbutryn,Terbutryn,kg,soil,agricultural,ok,Terbutryn,64027a69-77eb-5b11-ae61-81f27161bf7e,kg,,,
ecospold_pesticides_substance_mapping.properties,pesti_herbicides_thifensulfuron_methyl,Thifensulfuron-methyl,kg,soil,agricultural,ok,Thifensulfuron-methyl,4bafafca-ff89-46aa-9aaf-c93667df13a4,kg,,,
ecospold_pesticides_substance_mapping.properties,pesti_herbicides_tralkoxydim,Tralkoxydim,kg,soil,agricultural,ok,Tralkoxydim,ad83a9b9-77ce-4a23-852d-d606ec7f8ffb,kg,,,
ecospold_pesticides_substance_mapping.properties,pesti_herbicides_triasulfuron,Triasulfuron,kg,soil,agricultural,ok,Triasulfuron,e9d1e8d9-2db3-40d8-b7a9-8f39a0bd5ae0,kg,,,
ecospold_pesticides_substance_mapping.properties,pesti_herbicides_tribenuron,Tribenuron,kg,soil,agricultural,ok,Tribenuron,395bf19a-d3e3-4185-9bee-141fdbfd6afe,kg,,,
ecospold_pesticides_substance_mapping.properties,pesti_herbicides_tribenuron_methyl,Tribenuron-methyl,kg,soil,agricultural,ok,Tribenuron-methyl,ebb21cc2-3bb4-45eb-8f7f-58bf297f6431,kg,,,
ecospold_pesticides_substance_mapping.properties,pesti_herbicides_trifluralin,Trifluralin,kg,soil,agricultural,ok,Trifluralin,91b452dc-ddbd-40a4-9281-33303109495e,kg,,,
ecospold_pesticides_substance_mapping.properties,pesti_herbicides_triclopyr,Triclopyr,kg,soil,agricultural,ok,Triclopyr,e44fd74a-5967-4e79-bad0-08e7363b630c,kg,,,
ecospold_pesticides_substance_mapping.properties,pesti_herbicides_triflusulfuron_methyl,Triflusulfuron-methyl,kg,soil,agricultural,ok,Triflusulfuron-methyl,8638150a-6413-4a26-9a97-c9fc2bbef19b,kg,,,
ecospold_pesticides_substance_mapping.properties,pesti_fungicides_acibenzolar_s_methyl,Acibenzolar-S-methyl,kg,soil,agricultural,ok,Acibenzolar-S-methyl,5b834f01-a5dd-5d6c-94cb-2f5d262d3ccf,kg,,,
ecospold_pesticides_substance_mapping.properties,pesti_fungicides_fosetyl_aluminium,Fosetyl-aluminium,kg,soil,agricultural,proposed,Fosetyl-Al,4c44e04f-9b3d-4389-bf08-1bddf9dfa9e7,kg,,"same substance, abbreviated name",
ecospold_pesticides_substance_mapping.properties,pesti_fungicides_anilazine,Anilazine,kg,soil,agricultural,ok,Anilazine,dc941853-32f2-5a2b-87de-0cc7d6ce3a13,kg,,,
ecospold_pesticides_substance_mapping.properties,pesti_fungicides_azaconazol,Azaconazol,kg,soil,agricultural,ok,Azaconazol,0f74b213-664e-5da8-b700-bf2c01a9c57a,kg,,,
ecospold_pesticides_substance_mapping.properties,pesti_fungicides_azoxystrobin,Azoxystrobin,kg,soil,agricultural,ok,Azoxystrobin,e69b028e-e549-4869-ae4a-b85ef8bcb7a9,kg,,,
ecospold_pesticides_substance_mapping.properties,pesti_fungicides_benalaxyl,Benalaxyl,kg,soil,agricultural,ok,Benalaxyl,fb4c5bda-c9ea-5b77-b296-406722e35441,kg,,,
ecospold_pesticides_substance_mapping.properties,pesti_fungicides_benomyl,Benomyl,kg,soil,agricultural,ok,Benomyl,a25e7873-b0fd-46eb-81da-e49d84c2ac25,kg,,,
ecospold_pesticides_substance_mapping.properties,pesti_fungicides_benthiavalicarb,Benthiavalicarb,kg,soil,agricultural,ok,Benthiavalicarb,40018f22-3bae-5e4e-a987-41b1a85ee1eb,kg,,,
ecospold_pesticides_substance_mapping.properties,pesti_fungicides_benthiavalicarb_isopropyl,Benthiavalicarb-isopropyl,kg,soil,agricultural,ok,Benthiavalicarb-isopropyl,e49a8d07-023a-543e-aa22-424643e01a24,kg,,,
ecospold_pesticides_substance_mapping.properties,pesti_fungicides_bitertanol,Bitertanol,kg,soil,agricultural,ok,Bitertanol,a74f6771-955e-4343-b796-4775067d51f5,kg,,,
ecospold_pesticides_substance_mapping.properties,pesti_fungicides_boscalid,Boscalid,kg,soil,agricultural,ok,Boscalid,ff32cb2a-4d63-435e-8787-58436bd36a83,kg,,,
ecospold_pesticides_substance_mapping.properties,pesti_fungicides_bupirimate,Bupirimate,kg,soil,agricultural,ok,Bupirimate,b1e47fb9-ec5a-58df-918a-83909d93e6e8,kg,,,
ecospold_pesticides_substance_mapping.properties,pesti_fungicides_calcium_cyanamide,Calcium cyanamide,kg,soil,agricultural,ok,Calcium cyanamide,cc69ce7f-ffa0-51b2-8e95-ce0619a1054b,kg,,,
ecospold_pesticides_substance_mapping.properties,pesti_fungicides_captan,Captan,kg,soil,agricultural,ok,Captan,718a3fe1-6ad8-42b6-8869-db317e79c03d,kg,,,
ecospold_pesticides_substance_mapping.properties,pesti_fungicides_carbendazim,Carbendazim,kg,soil,agricultural,ok,Carbendazim,bc0a4d1f-3ada-4dd8-8ab4-97dc45db3295,kg,,,
ecospold_pesticides_substance_mapping.properties,pesti_fungicides_carboxin,Carboxin,kg,soil,agricultural,ok,Carboxin,1e7ae105-f032-4d62-b169-788cd6b9b384,kg,,,
ecospold_pesticides_substance_mapping.properties,pesti_fungicides_chlorothalonil,Chlorothalonil,kg,soil,agricultural,ok,Chlorothalonil,06b8a67f-5044-4060-be71-04e1dfc31e24,kg,,,
ecospold_pesticides_substance_mapping.properties,pesti_fungicides_chlozolinate,Chlozolinate,kg,soil,agricultural,ok,Chlozolinate,262ae9a3-596c-50cc-8cb4-29663f758d7f,kg,,,
ecospold_pesticides_substance_mapping.properties,pesti_fungicides_cyazofamid,Cyazofamid,kg,soil,agricultural,ok,Cyazofamid,958f4c12-7cfb-5662-afda-75ac755de94e,kg,,,
ecospold_pesticides_substance_mapping.properties,pesti_fungicides_cymoxanil,Cymoxanil,kg,soil,agricultural,ok,Cymoxanil,7427c8ff-5f18-4e0e-9633-64c088b69fd8,kg,,,
ecospold_pesticides_substance_mapping.properties,pesti_fungicides_cyproconazole,Cyproconazole,kg,soil,agricultural,ok,Cyproconazole,c9727abf-58b7-4f90-a670-86f7101e741d,kg,,,
ecospold_pesticides_substance_mapping.properties,pesti_fungicides_cyprodinil,Cyprodinil,kg,soil,agricultural,ok,Cyprodinil,b45f25fe-a5bb-42ac-9859-304bf6ccfd83,kg,,,
ecospold_pesticides_substance_mapping.properties,pesti_fungicides_dazomet_dmtt,Dazomet,kg,soil,agricultural,ok,Dazomet,b383d294-1771-5b63-b912-8de9e9e7f1d6,kg,,,
ecospold_pesticides_substance_mapping.properties,pesti_fungicides_dichlofluanid,Dichlofluanid,kg,soil,agricultural,ok,Dichlofluanid,50415507-6e24-538f-9ee2-f1c4eb1e45a6,kg,,,
ecospold_pesticides_substance_mapping.properties,pesti_fungicides_diethofencarb,Diethofencarb,kg,soil,agricultural,ok,Diethofencarb,bd6facb4-c818-5e08-9260-a077eb711497,kg,,,
ecospold_pesticides_substance_mapping.properties,pesti_fungicides_difenoconazole,Difenoconazole,kg,soil,agricultural,ok,Difenoconazole,5458bee1-0c04-445c-b617-a7315d6a2b9f,kg,,,
ecospold_pesticides_substance_mapping.properties,pesti_fungicides_dimethomorph,Dimethomorph,kg,soil,agricultural,ok,Dimethomorph,23f4021a-5b2d-4e16-ba87-76e871b32392,kg,,,
ecospold_pesticides_substance_mapping.properties,pesti_fungicides_dinocap,Dinocap,kg,soil,agricultural,ok,Dinocap,bb1cedf9-5abb-5c7b-afe0-04df6165f9a0,kg,,,
ecospold_pesticides_substance_mapping.properties,pesti_fungicides_dithianone,Dithianon,kg,soil,agricultural,ok,Dithianon,31913320-21f3-4cc2-b09a-a15ac9b65f5e,kg,,,
ecospold_pesticides_substance_mapping.properties,pesti_fungicides_dodemorph,Dodemorph,kg,soil,agricultural,ok,Dodemorph,b488c953-3543-565b-8b09-01cca445813a,kg,,,
ecospold_pesticides_substance_mapping.properties,pesti_fungicides_dodine,Dodine,kg,soil,agricultural,ok,Dodine,03f3255b-efb7-5a1e-8288-0a5e7bfbe791,kg,,,
ecospold_pesticides_substance_mapping.properties,pesti_fungicides_epoxiconazole,Epoxiconazole,kg,soil,agricultural,ok,Epoxiconazole,1afedfb8-dfbd-4722-a5fc-f678c593d907,kg,,,
ecospold_pesticides_substance_mapping.properties,pesti_fungicides_famoxadone,Famoxadone,kg,soil,agricultural,ok,Famoxadone,b2cf7804-89b9-5028-8c6e-d26363eda17a,kg,,,
ecospold_pesticides_substance_mapping.properties,pesti_fungicides_fenamidone,Fenamidone,kg,soil,agricultural,ok,Fenamidone,8cc320a2-800f-5512-82c3-53ab5ef1030f,kg,,,
ecospold_pesticides_substance_mapping.properties,pesti_fungicides_fenbuconazole,Fenbuconazole,kg,soil,agricultural,ok,Fenbuconazole,27b0b1f4-8cd4-4277-bfdd-1cab2f9c5e1c,kg,,,
ecospold_pesticides_substance_mapping.properties,pesti_fungicides_fenfuram,Fenfuram,kg,soil,agricultural,ok,Fenfuram,856718a4-b0d0-50d1-8f3a-f40743a12151,kg,,,
ecospold_pesticides_substance_mapping.properties,pesti_fungicides_fenhexamid,Fenhexamid,kg,soil,agricultural,ok,Fenhexamid,e2cb70af-1995-5ac4-870f-c3c1cbfb820f,kg,,,
ecospold_pesticides_substance_mapping.properties,pesti_fungicides_fenpiclonil,Fenpiclonil,kg,soil,agricultural,ok,Fenpiclonil,d317b7de-adc0-478c-8c7f-9d6d0f476e97,kg,,,
ecospold_pesticides_substance_mapping.properties,pesti_fungicides_fenpropidin,Fenpropidin,kg,soil,agricultural,ok,Fenpropidin,823b5396-5fc6-427e-8a03-aeeff965e986,kg,,,
ecospold_pesticides_substance_mapping.properties,pesti_fungicides_fenpropimorph,Fenpropimorph,kg,soil,agricultural,ok,Fenpropimorph,c8896e68-6c78-43be-a31b-bc5d2307f40a,kg,,,
ecospold_pesticides_substance_mapping.properties,pesti_fungicides_fentin_acetate,Fentin acetate,kg,soil,agricultural,ok,Fentin acetate,8e7926d4-9033-417f-9b94-2441aadb41dd,kg,,,
ecospold_pesticides_substance_mapping.properties,pesti_fungicides_fentin_hydroxide,Fentin hydroxide,kg,soil,agricultural,ok,Fentin hydroxide,4dd95929-09d1-4c60-8792-4c9b6404d168,kg,,,
ecospold_pesticides_substance_mapping.properties,pesti_fungicides_fluazinam,Fluazinam,kg,soil,agricultural,ok,Fluazinam,c9125373-0841-4515-9eaf-1bf9a49d51f8,kg,,,
ecospold_pesticides_substance_mapping.properties,pesti_fungicides_fludioxonil,Fludioxonil,kg,soil,agricultural,ok,Fludioxonil,9e253ace-bf5e-40f2-b9d3-104595b327e4,kg,,,
ecospold_pesticides_substance_mapping.properties,pesti_fungicides_fluquinconazole,Fluquinconazole,kg,soil,agricultural,ok,Fluquinconazole,d1812c3b-7f5e-4ce3-80b2-e599642168cf,kg,,,
ecospold_pesticides_substance_mapping.properties,pesti_fungicides_flusilazole,Flusilazole,kg,soil,agricultural,ok,Flusilazole,c4cb99f9-ed0e-4543-8596-da56a8de8e40,kg,,,
ecospold_pesticides_substance_mapping.properties,pesti_fungicides_folpet,Folpet,kg,soil,agricultural,ok,Folpet,928f64ab-0d84-4923-802f-1fa42ea251f2,kg,,,
ecospold_pesticides_substance_mapping.properties,pesti_fungicides_fosetyl,Fosetyl,kg,soil,agricultural,ok,Fosetyl,794a9d6b-1ed0-486b-a6a9-d8a575c0aa9a,kg,,,
ecospold_pesticides_substance_mapping.properties,pesti_fungicides_furalaxyl,Furalaxyl,kg,soil,agricultural,ok,Furalaxyl,dffa1f8e-2d99-5795-8317-7e33cc369f77,kg,,,
ecospold_pesticides_substance_mapping.properties,pesti_fungicides_guazatine,Guazatine,kg,soil,agricultural,ok,Guazatine,51a01057-22d3-533b-9831-7592ec368cdb,kg,,,
ecospold_pesticides_substance_mapping.properties,pesti_fungicides_hexaconazole,Hexaconazole,kg,soil,agricultural,ok,Hexaconazole,94ba16db-16b4-4652-b121-8682c317db58,kg,,,
ecospold_pesticides_substance_mapping.properties,pesti_fungicides_hymexazol,Hymexazol,kg,soil,agricultural,ok,Hymexazol,3aa11bfe-0524-5028-8371-c98857c61949,kg,,,
ecospold_pesticides_substance_mapping.properties,pesti_fungicides_imazalil,Imazalil,kg,soil,agricultural,ok,Imazalil,0964b6e9-08a5-4103-8ad6-610e8cd718c1,kg,,,
ecospold_pesticides_substance_mapping.properties,pesti_fungicides_iprodione,Iprodion,kg,soil,agricultural,proposed,Iprodione,299f371a-61c1-4ea2-8c38-901aa74acf7d,kg,,German spelling,
ecospold_pesticides_substance_mapping.properties,pesti_fungicides_iprovalicarb,Iprovalicarb,kg,soil,agricultural,ok,Iprovalicarb,4ab7bb85-d6b6-5adc-9ccd-b0ebc9fd11ad,kg,,,
ecospold_pesticides_substance_mapping.properties,pesti_fungicides_kresoxim_methyl,Kresoxim-methyl,kg,soil,agricultural,ok,Kresoxim-methyl,e7c5db65-775c-4ada-8a63-32c67792bd52,kg,,,
ecospold_pesticides_substance_mapping.properties,pesti_fungicides_copper_cu,Copper,kg,soil,agricultural,ok,Copper,fb876e1f-7bc3-54fb-9bb2-c06a863283de,kg,,,
ecospold_pesticides_substance_mapping.properties,pesti_fungicides_mancozeb,Mancozeb,kg,soil,agricultural,ok,Mancozeb,4f6390e3-bca5-4d3b-aead-7d63f2534440,kg,,,
ecospold_pesticides_substance_mapping.properties,pesti_fungicides_maneb,Maneb,kg,soil,agricultural,ok,Maneb,d689f35b-5ebf-4b87-bb12-c4e316219275,kg,,,
ecospold_pesticides_substance_mapping.properties,pesti_fungicides_mepanipyrim,Mepanipyrim,kg,soil,agricultural,ok,Mepanipyrim,8a1f826f-e415-5f6c-8881-f0ad4cd8642d,kg,,,
ecospold_pesticides_substance_mapping.properties,pesti_fungicides_mepronil,Mepronil,kg,soil,agricultural,ok,Mepronil,7690a454-91c0-59bf-aaa0-3a7fdc985475,kg,,,
ecospold_pesticides_substance_mapping.properties,pesti_fungicides_metalaxil,Metalaxil,kg,soil,agricultural,ok,Metalaxil,08f3db43-3185-4d9d-846a-404e27928eaf,kg,,,
ecospold_pesticides_substance_mapping.properties,pesti_fungicides_metconazole,Metconazole,kg,soil,agricultural,ok,Metconazole,1defe52a-bc9b-4c03-90fb-91bd35f6ce49,kg,,,
ecospold_pesticides_substance_mapping.properties,pesti_fungicides_metiram,Metiram,kg,soil,agricultural,missing,,,,Ziram | Mecarbam | Metosulam | Thiram,,
ecospold_pesticides_substance_mapping.properties,pesti_fungicides_myclobutanil,Myclobutanil,kg,soil,agricultural,ok,Myclobutanil,b10642d6-cd29-4cf0-9ebe-755902c9a3ae,kg,,,
ecospold_pesticides_substance_mapping.properties,pesti_fungicides_nitrothal_isopropyl,Nitrothal-isopropyl,kg,soil,agricultural,ok,Nitrothal-isopropyl,90917976-dfa0-56d0-8937-fec6deaf00b4,kg,,,
ecospold_pesticides_substance_mapping.properties,pesti_fungicides_2_phenylphenol,2-Phenylphenol,kg,soil,agricultural,ok,2-Phenylphenol,5357f101-f2df-5f6e-b534-f1705b597773,kg,,,
ecospold_pesticides_substance_mapping.properties,pesti_fungicides_oxadixyl,Oxadixyl,kg,soil,agricultural,ok,Oxadixyl,d216b8b6-3744-447a-be01-989a5985cc35,kg,,,
ecospold_pesticides_substance_mapping.properties,pesti_fungicides_oxychinolin,8-Quinolinol,kg,soil,agricultural,ok,8-Quinolinol,3d071bc4-855b-52d7-baa8-2cacbf536777,kg,,,
ecospold_pesticides_substance_mapping.properties,pesti_fungicides_penconazole,Penconazole,kg,soil,agricultural,ok,Penconazole,cb8de38f-f794-51e2-9736-0fb7ecf8f448,kg,,,
ecospold_pesticides_substance_mapping.properties,pesti_fungicides_pencycuron,Pencycuron,kg,soil,agricultural,ok,Pencycuron,810479f2-5c15-57e7-8758-8c4a69dc8318,kg,,,
ecospold_pesticides_substance_mapping.properties,pesti_fungicides_picoxystrobin,Picoxystrobin,kg,soil,agricultural,ok,Picoxystrobin,1a7fba0e-91a3-4ac2-a58e-44575eeed078,kg,,,
ecospold_pesticides_substance_mapping.properties,pesti_fungicides_prochloraz,Prochloraz,kg,soil,agricultural,ok,Prochloraz,99f1e4a4-2f47-4098-8f28-4c736a5b675d,kg,,,
ecospold_pesticides_substance_mapping.properties,pesti_fungicides_propamocarb,Propamocarb,kg,soil,agricultural,ok,Propamocarb,22fbf3b0-06cf-53c7-b38b-64dfcdef37f8,kg,,,
ecospold_pesticides_substance_mapping.properties,pesti_fungicides_propamocarb_hydrochloride,Propamocarb HCl,kg,soil,agricultural,ok,Propamocarb HCl,c1ad9058-6019-4835-ab47-d3e3f35b94d9,kg,,,
ecospold_pesticides_substance_mapping.properties,pesti_fungicides_propiconazole,Propiconazole,kg,soil,agricultural,ok,Propiconazole,f7c6455a-51e5-4aba-8361-99b98d47c47b,kg,,,
ecospold_pesticides_substance_mapping.properties,pesti_fungicides_propineb,Propineb,kg,soil,agricultural,ok,Propineb,8704d23b-dc6c-5fd8-94be-60e6fabb02f5,kg,,,
ecospold_pesticides_substance_mapping.properties,pesti_fungicides_proquinazid,Proquinazid,kg,soil,agricultural,ok,Proquinazid,19c48bf5-6116-5941-877a-ad23501dedb1,kg,,,
ecospold_pesticides_substance_mapping.properties,pesti_fungicides_prothioconazol,Prothioconazol,kg,soil,agricultural,proposed,Prothioconazole,cfa6de56-8a29-4a27-8868-fb6d1f092d36,kg,,German spelling,
ecospold_pesticides_substance_mapping.properties,pesti_fungicides_pyraclostrobin,Pyraclostrobin (prop),kg,soil,agricultural,proposed,Pyraclostrobin,c7328f5c-abaa-4786-a9ef-6706a9108382,kg,,suffix (prop) dropped,
ecospold_pesticides_substance_mapping.properties,pesti_fungicides_pyrazophos,Pyrazophos,kg,soil,agricultural,ok,Pyrazophos,0b27924a-660d-5cbc-8b67-c2d30dd91d39,kg,,,
ecospold_pesticides_substance_mapping.properties,pesti_fungicides_pyrifenox,Pyrifenox,kg,soil,agricultural,ok,Pyrifenox,d5946f74-8384-5bb7-93f3-50d5f794e02a,kg,,,
ecospold_pesticides_substance_mapping.properties,pesti_fungicides_pyrimethanil,Pyrimethanil,kg,soil,agricultural,ok,Pyrimethanil,b2663551-c9e2-446c-88e1-0a87435667dc,kg,,,
ecospold_pesticides_substance_mapping.properties,pesti_fungicides_quinoxyfen,Quinoxyfen,kg,soil,agricultural,ok,Quinoxyfen,80059f17-e3f9-4041-9fdc-31658ce27288,kg,,,
ecospold_pesticides_substance_mapping.properties,pesti_fungicides_sulfur,Sulfur,kg,soil,agricultural,ok,Sulfur,d4049741-cef2-4edd-a3af-9728b9e3a568,kg,,,
ecospold_pesticides_substance_mapping.properties,pesti_fungicides_spiroxamine,Spiroxamine,kg,soil,agricultural,ok,Spiroxamine,f8448f5d-a27f-4fa9-a731-94cb3b9eb7f3,kg,,,
ecospold_pesticides_substance_mapping.properties,pesti_fungicides_tebuconazole,Tebuconazole,kg,soil,agricultural,ok,Tebuconazole,a805071f-ce96-4d72-bdd5-4334d9aa3c23,kg,,,
ecospold_pesticides_substance_mapping.properties,pesti_fungicides_thiabendazole,Thiabendazole,kg,soil,agricultural,ok,Thiabendazole,c5094d89-50ee-5a7a-8ff3-cf50b218ef2b,kg,,,
ecospold_pesticides_substance_mapping.properties,pesti_fungicides_thiram_tmtd,Thiram,kg,soil,agricultural,ok,Thiram,f992dcb8-c19c-46b1-a36b-3053ef83b755,kg,,,
ecospold_pesticides_substance_mapping.properties,pesti_fungicides_tolylfluanid,Tolylfluanid,kg,soil,agricultural,ok,Tolylfluanid,9de9178b-6d1b-476d-af1f-a16a7b3031a9,kg,,,
ecospold_pesticides_substance_mapping.properties,pesti_fungicides_triadimenol,Triadimenol,kg,soil,agricultural,ok,Triadimenol,7e7dafac-5f96-495c-8a34-11fdc6e9f4e8,kg,,,
ecospold_pesticides_substance_mapping.properties,pesti_fungicides_tridemorph,Tridemorph,kg,soil,agricultural,ok,Tridemorph,1aa8fd2e-9fbb-4701-8250-f4e31254b84a,kg,,,
ecospold_pesticides_substance_mapping.properties,pesti_fungicides_trifloxystrobin,Trifloxystrobin,kg,soil,agricultural,ok,Trifloxystrobin,fa1a376f-567a-47b2-98e9-b3e5a5e4d224,kg,,,
ecospold_pesticides_substance_mapping.properties,pesti_fungicides_triflumizole,Triflumizole,kg,soil,agricultural,ok,Triflumizole,3f5e282e-245b-570a-81e9-c41e6aee952b,kg,,,
ecospold_pesticides_substance_mapping.properties,pesti_fungicides_triforine,Triforine,kg,soil,agricultural,ok,Triforine,2ffd03dc-a8df-467d-a362-b1f9f3136abc,kg,,,
ecospold_pesticides_substance_mapping.properties,pesti_fungicides_triticonazole,Triticonazole,kg,soil,agricultural,ok,Triticonazole,84c7e145-18e9-5d0e-9b92-00254945d7cd,kg,,,
ecospold_pesticides_substance_mapping.properties,pesti_fungicides_vinclozolin,Vinclozolin,kg,soil,agricultural,ok,Vinclozolin,7db70809-e30b-4633-992e-2cfe03891907,kg,,,
ecospold_pesticides_substance_mapping.properties,pesti_fungicides_zineb,Zineb,kg,soil,agricultural,ok,Zineb,02156abf-3839-5778-897a-4c06444701d4,kg,,,
ecospold_pesticides_substance_mapping.properties,pesti_fungicides_ziram,Ziram,kg,soil,agricultural,ok,Ziram,fb4f9b12-7ec0-59aa-8087-c6115d1fcd31,kg,,,
ecospold_pesticides_substance_mapping.properties,pesti_fungicides_zoxamide,Zoxamide,kg,soil,agricultural,ok,Zoxamide,03b40051-311b-5e37-aad1-ea811907cc90,kg,,,
ecospold_pesticides_substance_mapping.properties,pesti_insecticides_abamectin,Abamectin,kg,soil,agricultural,ok,Abamectin,3166d308-cc57-4d31-b42e-63c7eada821f,kg,,,
ecospold_pesticides_substance_mapping.properties,pesti_insecticides_acephate,Acephate,kg,soil,agricultural,ok,Acephate,cdcdbfc9-3d5f-4e78-8033-8dbecbb2cfec,kg,,,
ecospold_pesticides_substance_mapping.properties,pesti_insecticides_acetamiprid,Acetamiprid,kg,soil,agricultural,ok,Acetamiprid,910b7532-d541-45a5-a535-03f54997726e,kg,,,
ecospold_pesticides_substance_mapping.properties,pesti_insecticides_alanycarb,Alanycarb,kg,soil,agricultural,ok,Alanycarb,9c9aaf0f-c200-5d24-8f5e-0406c6ff20d6,kg,,,
ecospold_pesticides_substance_mapping.properties,pesti_insecticides_aldicarb,Aldicarb,kg,soil,agricultural,ok,Aldicarb,fbe48c6a-321d-44ae-8883-b6fa4e0f4e77,kg,,,
ecospold_pesticides_substance_mapping.properties,pesti_insecticides_alpha_cypermethrin,alpha-Cypermethrin,kg,soil,agricultural,renamed,Alpha-cypermethrin,ce2ceed1-2503-4566-8175-f4456dbac42b,kg,,capitalisation only,
ecospold_pesticides_substance_mapping.properties,pesti_insecticides_amitraz,Amitraz,kg,soil,agricultural,ok,Amitraz,cc91124e-c4b4-4e39-95b1-1c27b35cbe66,kg,,,
ecospold_pesticides_substance_mapping.properties,pesti_insecticides_azadirachtin_a,Azadirachtin,kg,soil,agricultural,ok,Azadirachtin,49cf6a32-97db-5cf4-b1d6-47ea6fd1e4c8,kg,,,
ecospold_pesticides_substance_mapping.properties,pesti_insecticides_azadirachtin_a+b,Azadirachtin,kg,soil,agricultural,ok,Azadirachtin,49cf6a32-97db-5cf4-b1d6-47ea6fd1e4c8,kg,,,
ecospold_pesticides_substance_mapping.properties,pesti_insecticides_azinphos_methyl,Azinphos-methyl,kg,soil,agricultural,ok,Azinphos-methyl,c10f1360-e1dc-44fa-8c2d-00bdd8524724,kg,,,
ecospold_pesticides_substance_mapping.properties,pesti_insecticides_bensultap,Bensultap,kg,soil,agricultural,ok,Bensultap,a36b1dd0-2fd3-5365-8c8a-f689d540c83f,kg,,,
ecospold_pesticides_substance_mapping.properties,pesti_insecticides_benzoximate,Benzoximate,kg,soil,agricultural,ok,Benzoximate,3b2e0d21-710b-5ce9-aeaa-07466f781ee8,kg,,,
ecospold_pesticides_substance_mapping.properties,pesti_insecticides_allethrin,Allethrin,kg,soil,agricultural,ok,Allethrin,94ef8014-0cb7-510b-af99-c3bdb8a6486a,kg,,,
ecospold_pesticides_substance_mapping.properties,pesti_insecticides_boric_acid,Boric acid,kg,soil,agricultural,ok,Boric acid,ca633953-b386-586e-b22d-7c6073416eb6,kg,,,
ecospold_pesticides_substance_mapping.properties,pesti_insecticides_bromopropylate,Bromopropylate,kg,soil,agricultural,ok,Bromopropylate,8e51c792-b402-5f20-9957-6d80823d4fcc,kg,,,
ecospold_pesticides_substance_mapping.properties,pesti_insecticides_buprofezin,Buprofezin,kg,soil,agricultural,ok,Buprofezin,63e44a83-eb3d-44b6-9e2f-41b1b088d93d,kg,,,
ecospold_pesticides_substance_mapping.properties,pesti_insecticides_butoxycarboxim,Butoxycarboxim,kg,soil,agricultural,ok,Butoxycarboxim,c59e3d9e-2e04-56a6-b75a-4066563accb9,kg,,,
ecospold_pesticides_substance_mapping.properties,pesti_insecticides_carbofuran,Carbofuran,kg,soil,agricultural,ok,Carbofuran,3c054a6e-2f9c-4e5e-9231-c61bc85a250a,kg,,,
ecospold_pesticides_substance_mapping.properties,pesti_insecticides_carbosulfan,Carbosulfan,kg,soil,agricultural,ok,Carbosulfan,e66d495d-aaf6-5709-9777-0da8ee74ca77,kg,,,
ecospold_pesticides_substance_mapping.properties,pesti_insecticides_chlorfenvinphos,Chlorfenvinphos,kg,soil,agricultural,ok,Chlorfenvinphos,99fd89e9-829f-4998-9ac0-85da6442fd02,kg,,,
ecospold_pesticides_substance_mapping.properties,pesti_insecticides_chlorpyrifos_methyl,Chlorpyrifos methyl,kg,soil,agricultural,ok,Chlorpyrifos methyl,2b3cf153-0dd6-4b79-b0d4-b4df832f3a7e,kg,,,
ecospold_pesticides_substance_mapping.properties,pesti_insecticides_clofentezine,Clofentezine,kg,soil,agricultural,ok,Clofentezine,e5d2097d-8edd-52d6-80fd-b449548e416f,kg,,,
ecospold_pesticides_substance_mapping.properties,pesti_insecticides_clothianidin,Clothianidin,kg,soil,agricultural,ok,Clothianidin,1541559e-1e25-5d7b-9d0b-dc45386e7c1c,kg,,,
ecospold_pesticides_substance_mapping.properties,pesti_insecticides_cyfluthrin,Cyfluthrin,kg,soil,agricultural,decision,,,,Beta-cyfluthrin,only the beta isomer mixture exists: use it or drop the flow,
ecospold_pesticides_substance_mapping.properties,pesti_insecticides_cyhalothrin,Cyhalothrin,kg,soil,agricultural,ok,Cyhalothrin,63c262e9-5fd4-4160-98aa-cb0b3d0dc2d7,kg,,,
ecospold_pesticides_substance_mapping.properties,pesti_insecticides_cyhexatin,Cyhexatin,kg,soil,agricultural,ok,Cyhexatin,3be7b00e-61f9-5b00-8ca4-4e497692bda1,kg,,,
ecospold_pesticides_substance_mapping.properties,pesti_insecticides_cypermethrin_high_cis,Beta-cypermethrin,kg,soil,agricultural,ok,Beta-cypermethrin,6098e65f-3e52-5672-89b4-519dd8987d19,kg,,,
ecospold_pesticides_substance_mapping.properties,pesti_insecticides_cyromazine,Cyromazine,kg,soil,agricultural,ok,Cyromazine,ea8f1d25-23f6-547a-a86b-562b696ab9b0,kg,,,
ecospold_pesticides_substance_mapping.properties,pesti_insecticides_demeton_s_methylsulfon,Demeton-S-methylsulfon,kg,soil,agricultural,ok,Demeton-S-methylsulfon,dae66465-5c82-5b83-b400-2ec6e25b078a,kg,,,
ecospold_pesticides_substance_mapping.properties,pesti_insecticides_diafenthiuron,Diafenthiuron,kg,soil,agricultural,ok,Diafenthiuron,a73ffbcf-6f62-5acd-b7b8-b91a45120152,kg,,,
ecospold_pesticides_substance_mapping.properties,pesti_insecticides_dialifor,Dialifor,kg,soil,agricultural,ok,Dialifor,6d152ed1-32a4-5165-a477-c4ae1341681b,kg,,,
ecospold_pesticides_substance_mapping.properties,pesti_insecticides_diazinon,Diazinon,kg,soil,agricultural,ok,Diazinon,c4302ab1-eb6d-458b-86ad-f7d7d4df411e,kg,,,
ecospold_pesticides_substance_mapping.properties,pesti_insecticides_dichlorvos_ddvp,Dichlorvos,kg,soil,agricultural,ok,Dichlorvos,6322e750-aed5-589b-a3ae-667600cee0c4,kg,,,
ecospold_pesticides_substance_mapping.properties,pesti_insecticides_dicofol,Dicofol,kg,soil,agricultural,ok,Dicofol,8939217c-4acd-48c2-8a19-7b3afb7e5d3b,kg,,,
ecospold_pesticides_substance_mapping.properties,pesti_insecticides_dienochlor,Dienochlor,kg,soil,agricultural,ok,Dienochlor,922b0101-eec3-5d41-b2d2-b2eebea5ab50,kg,,,
ecospold_pesticides_substance_mapping.properties,pesti_insecticides_diflubenzuron,Diflubenzuron,kg,soil,agricultural,ok,Diflubenzuron,b918120c-5dd9-4a28-86ee-9b05a42bdd01,kg,,,
ecospold_pesticides_substance_mapping.properties,pesti_insecticides_dimethoate,Dimethoate,kg,soil,agricultural,ok,Dimethoate,28f19625-5e6a-4902-8c18-4b519db19d86,kg,,,
ecospold_pesticides_substance_mapping.properties,pesti_insecticides_dinitro_ortho_cresol_dnoc,DNOC,kg,soil,agricultural,ok,DNOC,f48cca2b-fa69-4457-a5eb-5d848432afb8,kg,,,
ecospold_pesticides_substance_mapping.properties,pesti_insecticides_diofenolan,Diofenolan,kg,soil,agricultural,ok,Diofenolan,eadd3ab8-f53b-5106-9a54-fdd09b0dd2dd,kg,,,
ecospold_pesticides_substance_mapping.properties,pesti_insecticides_endosulfan,Endosulfan,kg,soil,agricultural,ok,Endosulfan,69da88e0-7fb1-4223-bb2d-b6e86e2af891,kg,,,
ecospold_pesticides_substance_mapping.properties,pesti_insecticides_esfenvalerate,Esfenvalerate,kg,soil,agricultural,ok,Esfenvalerate,59177170-590b-4d94-833a-e23d899f422e,kg,,,
ecospold_pesticides_substance_mapping.properties,pesti_insecticides_ethiofencarb,Ethiofencarb,kg,soil,agricultural,ok,Ethiofencarb,45378c0a-fc57-56ac-a0f2-4263250874ba,kg,,,
ecospold_pesticides_substance_mapping.properties,pesti_insecticides_etoxazole,Etoxazole,kg,soil,agricultural,ok,Etoxazole,c206c730-0860-54af-9a6e-484c653647fd,kg,,,
ecospold_pesticides_substance_mapping.properties,pesti_insecticides_fenazaquin,Fenazaquin,kg,soil,agricultural,ok,Fenazaquin,920caf13-5e85-5d24-b3f0-91ce30502344,kg,,,
ecospold_pesticides_substance_mapping.properties,pesti_insecticides_fenbutatin_oxide,Fenbutatin oxide,kg,soil,agricultural,ok,Fenbutatin oxide,4ddf1403-314c-51c2-bc3e-f84dbe39c9c3,kg,,,
ecospold_pesticides_substance_mapping.properties,pesti_insecticides_fenitrothion,Fenitrothion,kg,soil,agricultural,ok,Fenitrothion,d75bdfae-385c-5082-aa89-e0ebdb26e33c,kg,,,
ecospold_pesticides_substance_mapping.properties,pesti_insecticides_fenoxycarb,Fenoxycarb,kg,soil,agricultural,ok,Fenoxycarb,d18c4258-de90-4c4b-8a63-7c92335716ae,kg,,,
ecospold_pesticides_substance_mapping.properties,pesti_insecticides_fenpyroximate,Fenpyroximate,kg,soil,agricultural,ok,Fenpyroximate,8b85dbfc-25b3-5f37-8afe-852c261ac4b7,kg,,,
ecospold_pesticides_substance_mapping.properties,pesti_insecticides_fipronil,Fipronil,kg,soil,agricultural,ok,Fipronil,b7cd268b-1b52-45f1-91fe-cd51bf59d21d,kg,,,
ecospold_pesticides_substance_mapping.properties,pesti_insecticides_fonofos,Fonofos,kg,soil,agricultural,ok,Fonofos,f64b5e97-f427-5ef8-a13e-2e83920b5ac7,kg,,,
ecospold_pesticides_substance_mapping.properties,pesti_insecticides_furathiocarb,Furathiocarb,kg,soil,agricultural,ok,Furathiocarb,af97a8ee-abed-4866-9330-89844b9f135e,kg,,,
ecospold_pesticides_substance_mapping.properties,pesti_insecticides_heptenophos,Heptenophos,kg,soil,agricultural,ok,Heptenophos,12352b0c-c809-5bc8-a9b8-6ad6f9900636,kg,,,
ecospold_pesticides_substance_mapping.properties,pesti_insecticides_hexaflumuron,Hexaflumuron,kg,soil,agricultural,ok,Hexaflumuron,29ed3a9c-84ee-530d-8ba7-bf8e0d2fe754,kg,,,
ecospold_pesticides_substance_mapping.properties,pesti_insecticides_hexythiazox,Hexythiazox,kg,soil,agricultural,ok,Hexythiazox,3d4852a3-6ef9-5e64-be70-6d65df0c9337,kg,,,
ecospold_pesticides_substance_mapping.properties,pesti_insecticides_imidacloprid,Imidacloprid,kg,soil,agricultural,ok,Imidacloprid,10507b66-45a2-4f20-ae9c-609e8b4d07c8,kg,,,
ecospold_pesticides_substance_mapping.properties,pesti_insecticides_indoxacarb,Indoxacarb,kg,soil,agricultural,ok,Indoxacarb,faa118a7-50b6-4ea9-94bb-40a55a0e39f2,kg,,,
ecospold_pesticides_substance_mapping.properties,pesti_insecticides_lufenuron,Lufenuron,kg,soil,agricultural,ok,Lufenuron,7ffda147-f556-5470-8db7-5be5c15472c2,kg,,,
ecospold_pesticides_substance_mapping.properties,pesti_insecticides_magnesium_phosphide,Magnesium phosphide,kg,soil,agricultural,ok,Magnesium phosphide,6f5f2323-f747-5578-a3a7-d6a750ca3884,kg,,,
ecospold_pesticides_substance_mapping.properties,pesti_insecticides_metaldehyde,Metaldehyde,kg,soil,agricultural,ok,Metaldehyde,597847df-518f-4bd6-ae50-1de01f2761a4,kg,,,
ecospold_pesticides_substance_mapping.properties,pesti_insecticides_methidathion,Methidathion,kg,soil,agricultural,ok,Methidathion,10cf973e-9a4c-53a6-83e9-c2293909374d,kg,,,
ecospold_pesticides_substance_mapping.properties,pesti_insecticides_methiocarb_mercaptodimethur,Methiocarb,kg,soil,agricultural,ok,Methiocarb,c3114f66-5b2b-4f6c-bf96-911bef486bf3,kg,,,
ecospold_pesticides_substance_mapping.properties,pesti_insecticides_methomyl,Methomyl,kg,soil,agricultural,ok,Methomyl,2bf4e40e-ed11-457a-ae60-53a5cc43fdc7,kg,,,
ecospold_pesticides_substance_mapping.properties,pesti_insecticides_methoprene,Methoprene,kg,soil,agricultural,ok,Methoprene,ac7c4d41-1854-5761-aa0d-fff910c6cc47,kg,,,
ecospold_pesticides_substance_mapping.properties,pesti_insecticides_methoxyfenozide,Methoxyfenozide,kg,soil,agricultural,ok,Methoxyfenozide,7b34b63f-b1a0-4b25-ae5e-dc1368b4512a,kg,,,
ecospold_pesticides_substance_mapping.properties,pesti_insecticides_mevinfos,Mevinfos,kg,soil,agricultural,ok,Mevinfos,0fe04bc3-350c-5755-8db2-919c16b85d6f,kg,,,
ecospold_pesticides_substance_mapping.properties,pesti_insecticides_sodium_fluorosilicate,Sodium fluorosilicate,kg,soil,agricultural,ok,Sodium fluorosilicate,a2833212-0bc8-54a8-ad0e-1eb00f82cc4a,kg,,,
ecospold_pesticides_substance_mapping.properties,pesti_insecticides_novaluron,Novaluron,kg,soil,agricultural,ok,Novaluron,9a94962c-be98-5d0a-8327-fd6d1ce0f4f1,kg,,,
ecospold_pesticides_substance_mapping.properties,pesti_insecticides_octanoic_acid,Octanoic acid,kg,soil,agricultural,ok,Octanoic acid,0af51816-fa0b-5c76-bc65-92071535f15d,kg,,,
ecospold_pesticides_substance_mapping.properties,pesti_insecticides_oxamyl,Oxamyl,kg,soil,agricultural,ok,Oxamyl,aaa7a82f-7d09-48ed-8f08-8eb3c7eeb928,kg,,,
ecospold_pesticides_substance_mapping.properties,pesti_insecticides_p_tert_amylphenol,P-tert-amylphenol,kg,soil,agricultural,ok,P-tert-amylphenol,bf8de5ea-9e54-573e-a0b1-676df1b766e0,kg,,,
ecospold_pesticides_substance_mapping.properties,pesti_insecticides_parathion_methyl,Methyl parathion,kg,soil,agricultural,ok,Methyl parathion,4218b9ea-78e7-44b5-b4e1-5a0fca05aeb8,kg,,,
ecospold_pesticides_substance_mapping.properties,pesti_insecticides_permethrin,Permethrin,kg,soil,agricultural,ok,Permethrin,5da998ca-223d-47bb-a516-2ee8c9bf6f2c,kg,,,
ecospold_pesticides_substance_mapping.properties,pesti_insecticides_phosalone,Phosalone,kg,soil,agricultural,ok,Phosalone,7f839ecb-5ff0-580e-afd2-ac24373c38a2,kg,,,
ecospold_pesticides_substance_mapping.properties,pesti_insecticides_phosmet,Phosmet,kg,soil,agricultural,ok,Phosmet,b268aafb-2e5a-4bb1-a3ab-37f378ee8090,kg,,,
ecospold_pesticides_substance_mapping.properties,pesti_insecticides_pirimiphos_methyl,Pirimiphos methyl,kg,soil,agricultural,ok,Pirimiphos methyl,9682172f-8194-4efc-86e0-d81d189514a7,kg,,,
ecospold_pesticides_substance_mapping.properties,pesti_insecticides_potassium_soap,Potassium soap,kg,soil,agricultural,ok,Potassium soap,e888a409-63ef-5a7f-aea9-92bac7f51c8c,kg,,,
ecospold_pesticides_substance_mapping.properties,pesti_insecticides_profenofos,Profenofos,kg,soil,agricultural,ok,Profenofos,cab8d859-018a-4919-9324-f3febdea35e0,kg,,,
ecospold_pesticides_substance_mapping.properties,pesti_insecticides_pymetrozine,Pymetrozine,kg,soil,agricultural,ok,Pymetrozine,066a904d-beba-47a4-a153-3981ca3554e0,kg,,,
ecospold_pesticides_substance_mapping.properties,pesti_insecticides_pyrethrine,Pyrethrine,kg,soil,agricultural,decision,,,,Pyrethrins | Pyrethrin I | Pyrethrin II,group vs single components,
ecospold_pesticides_substance_mapping.properties,pesti_insecticides_pyrethrum,Pyrethrum,kg,soil,agricultural,decision,,,,"Pyrethrum, natural | Pyrethrins",natural extract vs active components,
ecospold_pesticides_substance_mapping.properties,pesti_insecticides_rotenone,Rotenone,kg,soil,agricultural,ok,Rotenone,6d9d5607-330d-4f8d-95bb-e6280c9dad6c,kg,,,
ecospold_pesticides_substance_mapping.properties,pesti_insecticides_spinosad,Spinosad,kg,soil,agricultural,ok,Spinosad,f7340d88-d66b-45c8-89af-251646b2c12e,kg,,,
ecospold_pesticides_substance_mapping.properties,pesti_insecticides_spirodiclofen,Spirodiclofen,kg,soil,agricultural,ok,Spirodiclofen,4bfde0c0-e613-5241-b586-f8145e5d65e4,kg,,,
ecospold_pesticides_substance_mapping.properties,pesti_insecticides_sulfotep,Sulfotep,kg,soil,agricultural,ok,Sulfotep,cabdb1e5-e569-5aef-92af-2981a2b7c8dc,kg,,,
ecospold_pesticides_substance_mapping.properties,pesti_insecticides_tebufenozide,Tebufenozide,kg,soil,agricultural,ok,Tebufenozide,f5a070c3-4239-4130-b224-130f18b50ada,kg,,,
ecospold_pesticides_substance_mapping.properties,pesti_insecticides_tebufenpyrad,Tebufenpyrad,kg,soil,agricultural,ok,Tebufenpyrad,d00c7ea5-29e7-445c-b20e-672d421f3ea4,kg,,,
ecospold_pesticides_substance_mapping.properties,pesti_insecticides_rabon,Rabon,kg,soil,agricultural,ok,Rabon,c70d7501-b022-5459-a8b5-dea60d3655e6,kg,,,
ecospold_pesticides_substance_mapping.properties,pesti_insecticides_thiacloprid,Thiacloprid,kg,soil,agricultural,ok,Thiacloprid,53f7bad5-fba1-54ca-94af-7abfbc18d21e,kg,,,
ecospold_pesticides_substance_mapping.properties,pesti_insecticides_thiamethoxam,Thiamethoxam,kg,soil,agricultural,ok,Thiamethoxam,9a8e2785-9175-4818-83ae-fc394e2d695a,kg,,,
ecospold_pesticides_substance_mapping.properties,pesti_insecticides_thiocyclam,Thiocyclam,kg,soil,agricultural,ok,Thiocyclam,2c25d5de-bb2f-5fff-bb42-f7177e88e84e,kg,,,
ecospold_pesticides_substance_mapping.properties,pesti_insecticides_thiophanate_methyl,Thiophanat-methyl,kg,soil,agricultural,proposed,Thiophanate-methyl,423112a9-b4c4-4041-8854-57bffde7b9cc,kg,,German spelling,
ecospold_pesticides_substance_mapping.properties,pesti_insecticides_triazamate,Triazamate,kg,soil,agricultural,ok,Triazamate,58db0688-dd63-5506-a03e-0345b9a9294b,kg,,,
ecospold_pesticides_substance_mapping.properties,pesti_insecticides_trichlorfon,Trichlorfon,kg,soil,agricultural,ok,Trichlorfon,51e8811b-04e2-4801-987c-fb0015535965,kg,,,
ecospold_pesticides_substance_mapping.properties,pesti_insecticides_triflumuron,Triflumuron,kg,soil,agricultural,ok,Triflumuron,165e28f3-4377-573c-9d2f-52c664f43d42,kg,,,
ecospold_pesticides_substance_mapping.properties,pesti_insecticides_vamidothion,Vamidothion,kg,soil,agricultural,ok,Vamidothion,eec1217a-7365-51c4-98ce-be7b617bb6d1,kg,,,
ecospold_pesticides_substance_mapping.properties,pesti_insecticides_zeta_cypermethrin,zeta-Cypermethrin,kg,soil,agricultural,renamed,Zeta-cypermethrin,b6e1f836-2b5c-4bd5-bc8c-af065ee7c230,kg,,capitalisation only,
ecospold_pesticides_substance_mapping.properties,pesti_insecticides_bifenthrin,Bifenthrin,kg,soil,agricultural,ok,Bifenthrin,f2efe6b2-21ae-4ed0-aacf-2a6d41d8e801,kg,,,
ecospold_pesticides_substance_mapping.properties,pesti_insecticides_chlorpyrifos,Chlorpyrifos,kg,soil,agricultural,ok,Chlorpyrifos,736923cd-6eb7-4896-98f8-46951d56da97,kg,,,
ecospold_pesticides_substance_mapping.properties,pesti_insecticides_cypermethrin,Cypermethrin,kg,soil,agricultural,ok,Cypermethrin,e7f1df40-788a-4403-81ea-e5e9e84e32d7,kg,,,
ecospold_pesticides_substance_mapping.properties,pesti_insecticides_deltamethrin,Deltamethrin,kg,soil,agricultural,ok,Deltamethrin,282973e4-3c2d-4a9c-a3f2-d39a5b36aa76,kg,,,
ecospold_pesticides_substance_mapping.properties,pesti_insecticides_lambda_cyhalothrin,Lambda-cyhalothrin,kg,soil,agricultural,ok,Lambda-cyhalothrin,f1b48f46-77aa-4dba-bd83-87e220816f42,kg,,,
ecospold_pesticides_substance_mapping.properties,pesti_insecticides_pirimicarb,Pirimicarb,kg,soil,agricultural,ok,Pirimicarb,1c0699e2-9be2-4c30-8328-fc0ad8caac58,kg,,,
ecospold_pesticides_substance_mapping.properties,pesti_insecticides_teflubenzuron,Teflubenzuron,kg,soil,agricultural,ok,Teflubenzuron,ad419049-3445-481f-97a3-3d4529ee924f,kg,,,
ecospold_pesticides_substance_mapping.properties,pesti_insecticides_terbufos,Terbufos,kg,soil,agricultural,ok,Terbufos,15057e97-7b47-405e-8222-6ed5cf4e0087,kg,,,
