legacy_crop_code,plant_product_tab5,source,status,reviewed_by
almond,generic_mean,Not in Freiermuth 2006 Tab. 5: generic mean (as in reference_models.hm_plant_content),proposed,
apple,generic_mean,Not in Freiermuth 2006 Tab. 5: generic mean (as in reference_models.hm_plant_content),proposed,
apricot,generic_mean,Not in Freiermuth 2006 Tab. 5: generic mean (as in reference_models.hm_plant_content),proposed,
asparagus_green,generic_mean,Not in Freiermuth 2006 Tab. 5: generic mean (as in reference_models.hm_plant_content),proposed,
asparagus_white,generic_mean,Not in Freiermuth 2006 Tab. 5: generic mean (as in reference_models.hm_plant_content),proposed,
banana,generic_mean,Not in Freiermuth 2006 Tab. 5: generic mean (as in reference_models.hm_plant_content),proposed,
bellpepper,generic_mean,Not in Freiermuth 2006 Tab. 5: generic mean (as in reference_models.hm_plant_content),proposed,
blueberry,generic_mean,Not in Freiermuth 2006 Tab. 5: generic mean (as in reference_models.hm_plant_content),proposed,
cabbage_red,generic_mean,Not in Freiermuth 2006 Tab. 5: generic mean (as in reference_models.hm_plant_content),proposed,
cabbage_white,generic_mean,Not in Freiermuth 2006 Tab. 5: generic mean (as in reference_models.hm_plant_content),proposed,
carrot,generic_mean,Not in Freiermuth 2006 Tab. 5: generic mean (as in reference_models.hm_plant_content),proposed,
cashew,generic_mean,Not in Freiermuth 2006 Tab. 5: generic mean (as in reference_models.hm_plant_content),proposed,
cassava,generic_mean,Not in Freiermuth 2006 Tab. 5: generic mean (as in reference_models.hm_plant_content),proposed,
castor_beans,generic_mean,Not in Freiermuth 2006 Tab. 5: generic mean (as in reference_models.hm_plant_content),proposed,
chick_pea,generic_mean,Not in Freiermuth 2006 Tab. 5: generic mean (as in reference_models.hm_plant_content),proposed,
chilli,generic_mean,Not in Freiermuth 2006 Tab. 5: generic mean (as in reference_models.hm_plant_content),proposed,
cocoa,generic_mean,Not in Freiermuth 2006 Tab. 5: generic mean (as in reference_models.hm_plant_content),proposed,
coconut,generic_mean,Not in Freiermuth 2006 Tab. 5: generic mean (as in reference_models.hm_plant_content),proposed,
coffee_arabica,generic_mean,Not in Freiermuth 2006 Tab. 5: generic mean (as in reference_models.hm_plant_content),proposed,
coffee_robusta,generic_mean,Not in Freiermuth 2006 Tab. 5: generic mean (as in reference_models.hm_plant_content),proposed,
coriander,generic_mean,Not in Freiermuth 2006 Tab. 5: generic mean (as in reference_models.hm_plant_content),proposed,
cotton,generic_mean,Not in Freiermuth 2006 Tab. 5: generic mean (as in reference_models.hm_plant_content),proposed,
cranberry,generic_mean,Not in Freiermuth 2006 Tab. 5: generic mean (as in reference_models.hm_plant_content),proposed,
eggplant,generic_mean,Not in Freiermuth 2006 Tab. 5: generic mean (as in reference_models.hm_plant_content),proposed,
flax,generic_mean,Not in Freiermuth 2006 Tab. 5: generic mean (as in reference_models.hm_plant_content),proposed,
ginger,generic_mean,Not in Freiermuth 2006 Tab. 5: generic mean (as in reference_models.hm_plant_content),proposed,
grape,generic_mean,Not in Freiermuth 2006 Tab. 5: generic mean (as in reference_models.hm_plant_content),proposed,
guar,generic_mean,Not in Freiermuth 2006 Tab. 5: generic mean (as in reference_models.hm_plant_content),proposed,
hemp,generic_mean,Not in Freiermuth 2006 Tab. 5: generic mean (as in reference_models.hm_plant_content),proposed,
lemon,generic_mean,Not in Freiermuth 2006 Tab. 5: generic mean (as in reference_models.hm_plant_content),proposed,
citruslime,generic_mean,Not in Freiermuth 2006 Tab. 5: generic mean (as in reference_models.hm_plant_content),proposed,
lentil,generic_mean,Not in Freiermuth 2006 Tab. 5: generic mean (as in reference_models.hm_plant_content),proposed,
linseed,generic_mean,Not in Freiermuth 2006 Tab. 5: generic mean (as in reference_models.hm_plant_content),proposed,
maizegrain,maize_grains,Freiermuth 2006 Tab. 5 via Quantis 2019 (user-approved mapping 2026-10-09),proposed,
mandarin,generic_mean,Not in Freiermuth 2006 Tab. 5: generic mean (as in reference_models.hm_plant_content),proposed,
mango,generic_mean,Not in Freiermuth 2006 Tab. 5: generic mean (as in reference_models.hm_plant_content),proposed,
mint,generic_mean,Not in Freiermuth 2006 Tab. 5: generic mean (as in reference_models.hm_plant_content),proposed,
mulberry,generic_mean,Not in Freiermuth 2006 Tab. 5: generic mean (as in reference_models.hm_plant_content),proposed,
oat,generic_mean,Not in Freiermuth 2006 Tab. 5: generic mean (as in reference_models.hm_plant_content),proposed,
olive,generic_mean,Not in Freiermuth 2006 Tab. 5: generic mean (as in reference_models.hm_plant_content),proposed,
onion,generic_mean,Not in Freiermuth 2006 Tab. 5: generic mean (as in reference_models.hm_plant_content),proposed,
orange_fresh,generic_mean,Not in Freiermuth 2006 Tab. 5: generic mean (as in reference_models.hm_plant_content),proposed,
orange_processing,generic_mean,Not in Freiermuth 2006 Tab. 5: generic mean (as in reference_models.hm_plant_content),proposed,
palmtree,generic_mean,Not in Freiermuth 2006 Tab. 5: generic mean (as in reference_models.hm_plant_content),proposed,
peach,generic_mean,Not in Freiermuth 2006 Tab. 5: generic mean (as in reference_models.hm_plant_content),proposed,
peanut,generic_mean,Not in Freiermuth 2006 Tab. 5: generic mean (as in reference_models.hm_plant_content),proposed,
pear,generic_mean,Not in Freiermuth 2006 Tab. 5: generic mean (as in reference_models.hm_plant_content),proposed,
pearl_millet,generic_mean,Not in Freiermuth 2006 Tab. 5: generic mean (as in reference_models.hm_plant_content),proposed,
pineapple,generic_mean,Not in Freiermuth 2006 Tab. 5: generic mean (as in reference_models.hm_plant_content),proposed,
pomegranate,generic_mean,Not in Freiermuth 2006 Tab. 5: generic mean (as in reference_models.hm_plant_content),proposed,
potato,potatoes,Freiermuth 2006 Tab. 5 via Quantis 2019 (user-approved mapping 2026-10-09),proposed,
rapeseed,rape_seed,Freiermuth 2006 Tab. 5 via Quantis 2019 (user-approved mapping 2026-10-09),proposed,
raspberry,generic_mean,Not in Freiermuth 2006 Tab. 5: generic mean (as in reference_models.hm_plant_content),proposed,
rice,rice_grains,Freiermuth 2006 Tab. 5 via Quantis 2019 (user-approved mapping 2026-10-09),proposed,
sesame_seed,generic_mean,Not in Freiermuth 2006 Tab. 5: generic mean (as in reference_models.hm_plant_content),proposed,
soybean,soya_beans,Freiermuth 2006 Tab. 5 via Quantis 2019 (user-approved mapping 2026-10-09),proposed,
strawberry_fresh,generic_mean,Not in Freiermuth 2006 Tab. 5: generic mean (as in reference_models.hm_plant_content),proposed,
strawberry_processing,generic_mean,Not in Freiermuth 2006 Tab. 5: generic mean (as in reference_models.hm_plant_content),proposed,
sugarbeet,sugar_beets,Freiermuth 2006 Tab. 5 via Quantis 2019 (user-approved mapping 2026-10-09),proposed,
sugarcane,generic_mean,Not in Freiermuth 2006 Tab. 5: generic mean (as in reference_models.hm_plant_content),proposed,
sunflower,generic_mean,Not in Freiermuth 2006 Tab. 5: generic mean (as in reference_models.hm_plant_content),proposed,
sweetcorn,maize_grains,Freiermuth 2006 Tab. 5 via Quantis 2019 (user-approved mapping 2026-10-09),proposed,
tea,generic_mean,Not in Freiermuth 2006 Tab. 5: generic mean (as in reference_models.hm_plant_content),proposed,
tomato_fresh,generic_mean,Not in Freiermuth 2006 Tab. 5: generic mean (as in reference_models.hm_plant_content),proposed,
tomato_processing,generic_mean,Not in Freiermuth 2006 Tab. 5: generic mean (as in reference_models.hm_plant_content),proposed,
turmeric,generic_mean,Not in Freiermuth 2006 Tab. 5: generic mean (as in reference_models.hm_plant_content),proposed,
wheat,wheat_grains,Freiermuth 2006 Tab. 5 via Quantis 2019 (user-approved mapping 2026-10-09),proposed,
