fertiliser,nutrient,Cd,Cu,Zn,Pb,Ni,Cr
urea,N,0.11,13.04,95.65,2.39,4.35,4.35
calcium_ammonium_nitrate_20,N,0.25,60.00,155.00,5.50,90.00,10.00
ammonium_nitrate,N,0.18,25.45,181.82,6.91,47.27,14.55
ammonium_sulphate,N,0.24,19.05,142.86,5.24,8.57,9.52
calcium_ammonium_nitrate_27,N,0.19,8.52,100.00,5.93,12.59,2.96
magnesium_ammonium_nitrate,N,0.43,56.52,4.35,4.35,21.74,6.09
generic_mean_n,N,0.21,22.25,121.43,5.37,17.17,7.81
triple_superphosphate,P2O5,113.04,97.83,650.00,7.61,95.65,567.39
superphosphate,P2O5,52.63,121.05,852.63,578.95,105.26,342.11
thomas_meal,P2O5,1.56,250.00,425.00,75.00,125.00,12212.50
raw_phosphate,P2O5,50.00,115.38,915.38,23.85,76.92,611.54
generic_mean_p,P2O5,51.32,118.22,751.32,49.42,100.46,589.46
potassium_chloride,K2O,0.10,8.33,76.67,9.17,3.50,3.33
potassium_sulphate,K2O,0.10,4.00,64.00,6.60,1.60,4.00
raw_potassium,K2O,0.19,173.08,153.85,11.54,11.54,173.08
lime,CaO,0.12,4.00,8.00,3.60,12.20,314.00
generic_mean_k,K2O,0.11,6.17,70.33,7.88,7.52,88.54
