tool_flow,name,compartment,subcompartment,unit,uuid,note
NH3,Ammonia,air,non-urban air or from high stacks,kg,0f440cc0-0f74-446d-99d6-8ff0e97a2444,
N2O,Dinitrogen monoxide,air,non-urban air or from high stacks,kg,afd6d670-bbb0-4625-9730-04088a5b035e,
NOx,Nitrogen oxides,air,non-urban air or from high stacks,kg,77357947-ccc5-438e-9996-95e65e1e1bce,
CO2 urea/lime,"Carbon dioxide, fossil",air,non-urban air or from high stacks,kg,aa7cac3a-3625-41d4-bc54-33e2cf11ec46,
NO3 groundwater,Nitrate,water,ground-,kg,b9291c72-4b1d-4275-8068-4c707dc3ce33,
NO3 surface water,Nitrate,water,surface water,kg,7ce56135-2ca5-4fba-ad52-d62a34bfeb35,
PO4 groundwater,Phosphate,water,ground-,kg,329fc7d8-4011-4327-84e4-34ff76f0e42d,
PO4 surface water,Phosphate,water,surface water,kg,1727b41d-377e-43cd-bc01-9eaba946eccb,
P erosion,Phosphorus,water,surface water,kg,b2631209-8374-431e-b7d5-56c96c6b6d79,
rice occupation,"Occupation, annual crop, flooded crop",natural resource,land,m2*year,7956039f-1181-42ab-b03b-ba9992733394,
rice transformation from,"Transformation, from annual crop, flooded crop",natural resource,land,m2,398ed67b-081c-49c4-8b43-b666bdfd739f,
rice transformation to,"Transformation, to annual crop, flooded crop",natural resource,land,m2,69ec5008-2c7e-408f-ac10-a31e07ded999,
Cd groundwater,Cadmium II,water,ground-,kg,3937f5a5-b4a4-434d-9fc3-1d29064fc3f8,
Cd surface water,Cadmium II,water,surface water,kg,af83b42f-a4e6-4457-be74-46a87798f82a,
Cd soil,Cadmium II,soil,agricultural,kg,e429b852-e421-4fcb-8a9b-b0241863bfb2,
Cr groundwater,Chromium III,water,ground-,kg,1c87de06-e58f-4684-a54c-d29f1a251a87,
Cr groundwater,Chromium VI,water,ground-,kg,9bbae55a-35de-4eff-a219-814a9fec5ac2,
Cr surface water,Chromium III,water,surface water,kg,e34d3da4-a3d5-41be-84b5-458afe32c990,
Cr surface water,Chromium VI,water,surface water,kg,8216fc31-15a1-4d33-858f-e09650b14c63,
Cr soil,Chromium III,soil,agricultural,kg,e7881581-21b3-4f5c-bd63-6b0684b5e712,
Cr soil,Chromium VI,soil,agricultural,kg,8ec83662-7c2b-4452-8acf-95a0bb94233c,
Cu groundwater,Copper ion,water,ground-,kg,c3b659e5-35f1-408c-8cb5-b5f9b295c76e,
Cu groundwater,Copper,water,ground-,,,NOT IN MD v3.12
Cu surface water,Copper ion,water,surface water,kg,6d9550e2-e670-44c1-bad8-c0c4975ffca7,
Cu surface water,Copper,water,surface water,kg,176d43b3-025e-508e-a787-fb8025b8435f,
Cu soil,Copper ion,soil,agricultural,kg,7e66a41c-d311-4949-bdd8-eef09cdcfa47,
Cu soil,Copper,soil,agricultural,kg,fb876e1f-7bc3-54fb-9bb2-c06a863283de,
Pb groundwater,Lead II,water,ground-,kg,c864aa15-0abc-41ad-9889-348106e485d8,
Pb surface water,Lead II,water,surface water,kg,b3ebdcc3-c588-4997-95d2-9785b26b34e1,
Pb soil,Lead II,soil,agricultural,kg,4010918f-7fd0-4925-8fbb-8fd7a44a806c,
Hg groundwater,Mercury II,water,ground-,kg,e1aa92d7-9297-452e-ade0-e5e2acc52ad7,
Hg surface water,Mercury II,water,surface water,kg,66bfb434-78ab-4183-b1a7-7f87d08974fa,
Hg soil,Mercury II,soil,agricultural,kg,ed2d49f8-110d-4db4-9488-f61c349e6117,
Ni groundwater,Nickel II,water,ground-,kg,56815b4f-6138-4e0b-9fac-c94fd6b102b3,
Ni surface water,Nickel II,water,surface water,kg,9798359e-a3ee-4362-a038-23a188582c6e,
Ni soil,Nickel II,soil,agricultural,kg,b4580545-243d-48d2-a3a0-2633a4f46fb1,
Zn groundwater,Zinc II,water,ground-,kg,7e769b3e-03fb-4b53-be15-85a910dcfea9,
Zn surface water,Zinc II,water,surface water,kg,541b633c-17a3-4047-bce6-0c0e4fdb7c10,
Zn soil,Zinc II,soil,agricultural,kg,84aa799e-9d98-4d34-85e0-516d28ab1be9,
