product,Cd,Cu,Zn,Pb,Ni,Cr,Hg
generic_mean,0.10,6.6,32.0,0.54,1.04,0.55,0.04
grass_hay,0.13,8.6,40,1.2,1.68,1.09,0.15
maize_grains,0.03,2.5,21.5,0.3,1.16,0.32,0
maize_silage,0.1,5,34.5,1.61,0.48,0.7,0.01
wheat_grains,0.1,3.3,21.1,0.2,0.2,0.2,0.01
wheat_straw,0.2,2.5,9.6,0.6,0.6,0.7,
barley_grains,0.03,4.3,26.6,0.2,0.1,0.1,
barley_straw,0.1,4.8,11.1,0.6,0.8,1.2,
rye_straw,0.1,3.2,13,0.4,0.7,0.5,
potatoes,0.04,6.45,15,0.55,0.33,0.57,0.09
rape_seed,1.6,3.3,48,5.25,2.6,0.5,0.1
faba_beans,0.04,6,30.1,0.87,1.3,0.69,0
soya_beans,0.06,15.1,47.7,0.08,5.32,0.52,0
protein_peas,0.09,10,73,0.16,0.83,0.32,0.01
sugar_beets,0.4,12,36.4,1.16,1.08,1.775,0.095
rice_grains,0.02,5.27,43.9,0.96,0.97,0.49,
